Date,Sentiprop,SentipropMc,SemanticAxis,SemanticAxisMc,McDonaldF,McDonald,N
2019-01-02T00:00:00Z,-0.011436182087964316,0.13758337465080933,0.049283840447214844,0.4770576228434162,1,1,1
2019-01-03T00:00:00Z,-0.3124406068556619,0.5783604537764678,0.00835572085217771,1.4121751974085661,-0.06464646464646465,0.6666666666666667,4
2019-01-04T00:00:00Z,0.2588540342630216,1.0397285322570728,0.9228799315569877,2.7629727774582142,0.5818181818181818,-0.2888888888888889,6
2019-01-05T00:00:00Z,0.00418705786479635,0.607144502628534,0.19962082510032303,1.5895731330835716,-1.6593406593406592,-1.6984126984126984,3
2019-01-07T00:00:00Z,-0.15206396326180394,-0.007279905980761191,-0.21820206002012196,0.31450161839350743,-0.7777777777777777,-1,2
2019-01-08T00:00:00Z,0.143757172968928,0.9757316675808793,0.8300395910548523,2.938764876017904,-1.1585901027077496,-0.8545454545454545,7
2019-01-09T00:00:00Z,-0.1594560751454909,1.047787054358827,0.7934788042827918,2.3898984398913514,-1.6605339105339105,0.2900432900432901,7
2019-01-10T00:00:00Z,0.14093888666813884,0.7571598199174804,1.2266694592949694,2.4356978293004645,0.24000000000000005,-1.7222222222222223,6
2019-01-11T00:00:00Z,1.7805259635006107e-4,1.4726885027890713,1.4443811807849998,3.6916006137527733,1.2047619047619047,-0.3,9
2019-01-12T00:00:00Z,-0.031051648253217073,0.9434582442233755,0.7809166428106118,2.039088170049875,0.26456876456876455,-0.16666666666666663,4
2019-01-14T00:00:00Z,0.24875475274870237,0.6141262247083547,0.3070036508864412,1.36083927411551,-0.45,0.42857142857142855,3
2019-01-15T00:00:00Z,-0.24913535913346707,1.2225857735554642,0.5071581638140312,2.6938619451278534,-1.3464912280701755,-0.7444444444444445,10
2019-01-16T00:00:00Z,0.35209745110069807,0.8244356673044139,0.7634648357925825,2.1104678517137008,3.1333333333333333,1.8888888888888888,5
2019-01-17T00:00:00Z,0.13691794786393108,1.5677608406000512,1.1554537483004794,3.181526985178333,3.2643274853801167,3.238095238095238,8
2019-01-18T00:00:00Z,0.23307206034646397,0.9744626362539106,1.557647088385421,3.4526751150125756,-1.3975905673274094,-2.6833333333333336,7
2019-01-19T00:00:00Z,0.22828064029087336,1.0526214922204378,0.7137624927438279,2.5382270860662186,0.35999999999999993,1.7142857142857144,6
2019-01-21T00:00:00Z,0.13588479272723836,0.27781506518028853,0.027379159450589136,0.74931877133063,0.6320346320346321,0.8181818181818182,2
2019-01-22T00:00:00Z,0.10505356144791521,1.4447898401945474,0.9697106438411512,3.334644574559207,0.7,-0.11260504201680673,7
2019-01-23T00:00:00Z,0.4322180945230818,1.3124084925814574,1.8862968026402547,3.428709192551996,0.9674603174603174,0.8,8
2019-01-24T00:00:00Z,0.23338937788988004,1.6019948343272699,1.1532609942412473,3.5675711536050883,1.954102999434069,0.01715686274509802,6
2019-01-25T00:00:00Z,0.5724609761277264,1.1296468651257496,1.822106855243907,2.3610079749811845,1.8081196581196581,-1.0238095238095237,6
2019-01-26T00:00:00Z,0.6980462509021752,0.9340556089750146,1.5696682360396703,2.31021517762715,2.5310606060606062,3.0833333333333335,6
2019-01-28T00:00:00Z,0.2256448947434408,0.4996557460201858,0.4011255238419566,1.0009221259916867,0.5238095238095237,0.8333333333333334,2
2019-01-29T00:00:00Z,0.1335690495819847,1.3910136530941426,1.9080058246186145,2.8989025068964525,0.42720797720797726,1.8095238095238095,7
2019-01-30T00:00:00Z,0.4215123897452634,0.9884153605581874,0.37222685034768627,3.071715268439742,2.452014652014652,0.6111111111111112,7
2019-01-31T00:00:00Z,0.07379439693301798,1.3393634690538632,1.3134598734609793,3.43817081289003,0.007407407407407418,-0.7,8
2019-02-01T00:00:00Z,0.35773858691167776,2.2641422272157894,1.8439989979999614,5.101651036496207,2.297113997113997,-0.47222222222222215,12
2019-02-02T00:00:00Z,0.006629008586673452,0.21690850476639073,0.12881974782651257,0.46108362925886137,0.2142857142857143,0.4,2
2019-02-04T00:00:00Z,0.12763651522251876,-0.07100657902367,0.34326931986123704,0.4643811364899871,0.5333333333333333,2,2
2019-02-05T00:00:00Z,-0.2946382790902912,0.6675959155592119,0.30791115767147753,1.3524632107696832,-0.6515118868060045,-3.0588235294117645,7
2019-02-06T00:00:00Z,0.18221589540746236,1.276423194360481,0.875373337810407,3.5953869132325407,-0.01619047619047622,-1.6615384615384614,7
2019-02-07T00:00:00Z,-0.5216772100166683,0.49600902235642413,0.30823578926682405,1.4336734552128299,-1.795182595182595,-2.6666666666666665,7
2019-02-08T00:00:00Z,0.10299308453408594,1.1309121318997792,0.3793722079477379,3.1851594907104204,-1.071047906342024,-1.9437229437229437,7
2019-02-09T00:00:00Z,-0.11348731229573242,0.4131837865298071,0.2993461996111669,1.716964954084087,1.4453781512605042,-0.3333333333333333,4
2019-02-11T00:00:00Z,0.05272445828218096,0.7011291400296872,0.519141317542099,1.7044279580745674,0.5555555555555556,1.2,4
2019-02-12T00:00:00Z,-0.2383730359469497,1.618609789898842,0.9048783185887637,3.440220530973454,-0.4595959595959595,-0.7555555555555555,8
2019-02-13T00:00:00Z,0.4979185343360649,1.1462023136394999,1.1422853920682625,2.5159572679022832,2.058333333333333,0.6333333333333333,6
2019-02-14T00:00:00Z,0.08338193092613452,1.3163970260013895,0.7384701993292614,2.450950902956261,1.9087301587301586,1.619047619047619,7
2019-02-15T00:00:00Z,0.06730654151057691,0.8744425480688691,0.7459650445850907,2.096157204469457,0.8158730158730159,-0.7727272727272727,6
2019-02-16T00:00:00Z,-0.2083453160898127,0.4694859273480193,0.3018608047210158,1.6972909271363108,-1.5666666666666667,-1.5,3
2019-02-18T00:00:00Z,-0.2187709346712033,0.5700142463550003,-0.135112275052939,0.9910438222035778,0.5595238095238095,0.6666666666666667,3
2019-02-19T00:00:00Z,0.3895858247310684,1.5646377703262992,1.820903317433558,3.4746518402513926,1.2633173843700158,0.8571428571428572,8
2019-02-20T00:00:00Z,-0.03938214011117967,0.5529363060209921,-0.0695597481962647,1.4338384392759695,1.6442307692307692,0.3333333333333333,5
2019-02-21T00:00:00Z,0.4039505800044065,1.8759567745118966,1.719025338239884,5.007279558958632,0.3355790662426819,-2.056060606060606,10
2019-02-22T00:00:00Z,-0.09503495950278976,1.1163411252675834,0.6546755943257404,2.828879068721296,-1.6041958041958042,0.23333333333333334,7
2019-02-23T00:00:00Z,0.38604204715142315,1.0161714759623932,1.4434555698923774,2.696637072793536,2.3953216374269006,1.6,5
2019-02-25T00:00:00Z,0.07925409079473857,0.5476051492131188,0.6870350969201704,1.4669882310435884,0.48412698412698413,0.8333333333333333,3
2019-02-26T00:00:00Z,-0.0948023799474731,0.7569110530443119,0.5185028394663032,1.7871434019099648,-0.16666666666666669,-1,5
2019-02-27T00:00:00Z,-0.24775876979121342,1.1009511023328318,0.166047820261787,2.1982375967147862,-0.19413919413919417,-1.8571428571428572,6
2019-02-28T00:00:00Z,0.1859778753462495,2.090047189747654,1.6789200088825917,3.8615528641107923,0.5185592185592185,-2.2,9
2019-03-01T00:00:00Z,0.027942647836935626,1.1480300738844937,1.0516474972104113,3.1482490231035407,0.8394714407502131,0.12888888888888891,8
2019-03-02T00:00:00Z,-0.11651254230984615,0.5167205247135399,0.41775133513036466,1.0933794881360166,0.26666666666666666,1.75,3
2019-03-04T00:00:00Z,0.07020357804643386,0.43051899253129033,0.5621138287337923,0.7661043053363885,1.5,0.6666666666666667,2
2019-03-05T00:00:00Z,-0.03773206841848721,1.6469967347299306,1.1529896160859472,3.2242038259215833,-0.5448943213649096,-2.0248862248862247,7
2019-03-06T00:00:00Z,0.3047983613713921,1.4048840989957105,1.479525226862649,3.2307918181881248,0.35784215784215784,1.1428571428571428,6
2019-03-07T00:00:00Z,0.4863102340869505,1.5026220432111037,1.3094905147161593,3.4363530027238514,0.7548821548821549,-0.1333333333333333,8
2019-03-08T00:00:00Z,0.47522992626662086,1.493380858511154,1.650204779213123,3.6865324778324537,3.5877996272733115,1.8846153846153846,9
2019-03-09T00:00:00Z,-0.29057633884927214,-0.4737430774460914,-0.6681454404077836,0.09029586496294112,-2,0,3
2019-03-11T00:00:00Z,-0.20260309589228565,0.24092950211744965,0.2012297291031903,0.8084364324241421,0.3492063492063492,0.717948717948718,2
2019-03-12T00:00:00Z,0.29115620594362496,0.9420026514285954,1.4747732631332606,2.6727447534686637,-1.5075237500866792,-1.3411764705882354,8
2019-03-13T00:00:00Z,0.4028130629790944,1.333833277531933,1.3589480071217581,2.9614509527010213,1.6007142857142858,-0.2198412698412699,7
2019-03-14T00:00:00Z,0.060386806589674547,1.7014391512000053,1.01219369426728,3.120403024593207,-0.14055258467023168,-2.5047619047619047,7
2019-03-15T00:00:00Z,-0.1142124051852991,1.040201258754015,0.6386421620114846,1.6090396579367778,0.7175438596491228,-1.6,7
2019-03-16T00:00:00Z,0.30458155656658725,0.9724347812444791,1.5380845759421489,2.1556148510034436,-0.18210678210678213,0.5,5
2019-03-18T00:00:00Z,0.05222942392893859,0.6589819568280995,0.47773579537838173,1.2459305209008031,0.02429149797570851,1,2
2019-03-19T00:00:00Z,0.1893258419545555,1.539487622969771,1.0938137672806634,3.2309737632656907,0.6974898785425101,-0.724175824175824,8
2019-03-20T00:00:00Z,0.2322294350619727,1.4896260313302374,0.8040214428362772,2.9652596913199054,-0.9086625878421544,-3.1554834054834053,6
2019-03-21T00:00:00Z,0.09615083979195996,1.0091540823603165,0.9621440874685344,2.616936420129203,0.5480158730158731,-1.6666666666666667,8
2019-03-22T00:00:00Z,0.0025956266836059303,1.607752851370565,0.6397175058566019,2.9532932914648065,0.9543123543123544,0.2,8
2019-03-23T00:00:00Z,0.23637200970042235,0.3802922350520359,1.1552284584620234,1.839774871301943,1.6125541125541125,2,5
2019-03-25T00:00:00Z,-0.22497339914410933,-0.15281412873901157,-0.4655981379600815,0.06867878140090937,-0.5964912280701754,0,2
2019-03-26T00:00:00Z,-0.0015964909373755928,0.5539317358472445,0.6860249692609818,1.7518870938651168,1.4732460521934208,4.214285714285714,5
2019-03-27T00:00:00Z,0.3294863309780654,1.1939496393395328,1.4764383510291634,2.761895428011727,0.9082417582417582,-0.7575757575757577,7
2019-03-28T00:00:00Z,0.1984931453193738,1.4308712339700485,2.0043586000039553,4.153055356340988,2.724025974025974,4.1,9
2019-03-29T00:00:00Z,-0.22590126707404298,0.7343658283967189,0.34509077262509524,2.015320255391008,-0.3983516483516484,0.7833333333333333,6
2019-03-30T00:00:00Z,-0.10072577904777497,0.11832285286368939,0.22898429182275085,0.9198538451646472,0.29545454545454547,-0.75,3
2019-04-01T00:00:00Z,0.16177875316118162,0.1431247377444346,0.25709077325304047,0.2380140441514028,1,1,1
2019-04-02T00:00:00Z,-0.29605356462485266,0.40824863145032203,0.2041941355312676,2.0321827562371855,-3.8283625730994153,-1.6125541125541125,8
2019-04-03T00:00:00Z,0.4799378817245855,2.3659725555862443,1.9631181638688648,5.188250809787765,2.779116961469903,-0.1833333333333333,9
2019-04-04T00:00:00Z,-0.0021780032634049333,0.9853690675699258,1.0332055940290814,2.9517476283009607,-0.02387318563789151,-1.3153846153846154,7
2019-04-05T00:00:00Z,0.3627087602186229,1.6321647960461325,1.7389434616417903,2.915848960164884,0.041414141414141487,0.5,7
2019-04-06T00:00:00Z,0.07136545665718079,1.2313834394682488,1.3618358565846524,2.704356931372849,-0.28253968253968254,0.4666666666666667,6
2019-04-08T00:00:00Z,-0.04722238496536837,0.045018946371698336,0.10501878808012201,0.4408587152869208,0.042857142857142844,0.33333333333333337,2
2019-04-09T00:00:00Z,0.2601891614690866,1.7384515456020655,2.07938811330272,4.2215025093780945,1.566733120680489,0.4218623481781376,9
2019-04-10T00:00:00Z,-0.02152566137569719,1.295873743598084,0.782121251785288,3.1146512679815963,1.3034391534391534,3.1,7
2019-04-11T00:00:00Z,0.5762142496450676,1.1250802169941423,1.7636170147165393,2.454338721495802,0.8666666666666667,0.8,6
2019-04-12T00:00:00Z,0.21307713795914057,0.588823750081283,1.0871353476385461,2.3786519553736767,0.042390289449112994,-0.6111111111111112,6
2019-04-13T00:00:00Z,-0.3207078948500911,0.16851616822438734,-0.1375405982721269,1.761388792973208,0.0743525480367585,-1.1111111111111112,5
2019-04-15T00:00:00Z,-0.011030821728170092,0.18215907926341904,0.10287918374536426,0.7440524374543357,-0.16666666666666666,0,2
2019-04-16T00:00:00Z,-0.2553807238058274,0.6400203073679674,0.3300066272356724,1.996346761872653,-0.7574786324786325,-2.95,7
2019-04-17T00:00:00Z,-0.012505203378899907,1.0794531873700333,0.4805610457722321,3.03605860767362,0.1399048025007104,-1.7153846153846153,8
2019-04-18T00:00:00Z,-0.34760294515860973,0.88366189821282,0.5186518916048884,2.978894335452795,0.13514328808446457,-1.553030303030303,7
2019-04-19T00:00:00Z,0.2605665945568013,1.2825466557289138,0.8662892440556198,3.310666723544636,-1.747385464776769,0.34032634032634035,9
2019-04-20T00:00:00Z,-0.11935958958877867,0.6436242295036629,0.41994954779504723,1.5411319924077747,-1.6944444444444444,-2.7142857142857144,3
2019-04-22T00:00:00Z,-0.11005025226587813,0.08976319535259578,0.1871034011791916,1.0055946794822184,-0.8444444444444444,-0.3333333333333333,3
2019-04-23T00:00:00Z,0.5699639197592095,1.251102022089578,1.8598549766750005,2.9456951427039537,3.498684210526316,-2,8
2019-04-24T00:00:00Z,0.5431023776281242,1.8630066325294392,1.1757439232447273,3.5387489483223744,2.3282912739434476,-1.2666666666666666,8
2019-04-25T00:00:00Z,0.03106598498537584,0.5759463248601343,1.2570317613800472,2.6692475698618288,0.6323232323232323,0.3333333333333333,7
2019-04-26T00:00:00Z,0.29653699823584917,1.6675483907770934,1.4064416067911347,3.849841201472545,2.7923853923853925,-0.12777777777777782,9
2019-04-27T00:00:00Z,0.2727260684213505,0.5757392553057652,0.654179825236973,0.9708591163199549,-0.22272727272727272,0.3212121212121211,3
2019-04-29T00:00:00Z,-0.15162814349225975,0.24449402898997635,0.17645599394724149,0.8624653257495876,0.2777777777777778,-1.3333333333333333,4
2019-04-30T00:00:00Z,0.3367372841257902,1.1281123861838773,1.4049108850965992,2.0191599756197682,1.8378374291686983,-1,6
2019-05-01T00:00:00Z,-0.050446545816376046,1.578223043828268,0.6702145838402006,3.3864513472337334,2.056060606060606,0.36666666666666664,6
2019-05-02T00:00:00Z,-0.021803811528145693,1.2274613408124544,0.8509144899245913,1.7473089489382672,0.5253302253302252,0,6
2019-05-03T00:00:00Z,0.37001200294472597,0.4090750974538474,1.195071950319778,3.16256445666989,0.10733710733710738,0.3333333333333333,9
2019-05-04T00:00:00Z,-0.016023883226921845,0.30659676127451335,0.38602192401197416,1.0123353768019847,-1.1923076923076923,-1.8181818181818183,2
2019-05-06T00:00:00Z,-0.15352308102693252,0.3048521298954988,0.1346236027110453,0.5600010184526715,1,0,2
2019-05-07T00:00:00Z,0.10706561941563719,0.7866737133211478,0.831581548048064,2.6193599566782386,2.5317155067155066,0.8,8
2019-05-08T00:00:00Z,-0.2380048549669263,0.48193055032897875,-0.3171691843090079,1.509672061625558,0.1250514191690662,1.6666666666666667,7
2019-05-09T00:00:00Z,-0.2247391759170936,0.912053750677736,0.7530259275290909,3.194302988743055,2.607843137254902,2.3333333333333335,7
2019-05-10T00:00:00Z,-0.39396704634603946,0.5207130525578991,0.4227432384345158,2.048035472913053,-0.3079365079365079,-2.8333333333333335,7
2019-05-11T00:00:00Z,0.525146767072629,0.6851637097582968,0.9777407465136284,1.6325709018830987,1.4285714285714284,2,3
2019-05-13T00:00:00Z,-0.267085962281758,-0.2242110780135822,-0.252987829462463,0.012061222238121134,0.5714285714285714,-1,2
2019-05-14T00:00:00Z,0.39415423984112974,1.0872372103279295,0.740614065865705,4.0318956669114545,0.436904761904762,0.573015873015873,9
2019-05-15T00:00:00Z,-0.2186850378669329,0.7163171851797776,-0.08303292572321566,2.1929652654554466,0.5214119214119215,-0.4444444444444445,8
2019-05-16T00:00:00Z,-0.024901357126665705,0.7622864911708122,0.7921918437453924,2.0187082687323836,-0.6158730158730158,-0.8,7
2019-05-17T00:00:00Z,-0.01807224747083111,0.028761043638873815,-0.12349777915251309,1.2187479393492393,-0.4551030668677728,1.3333333333333335,5
2019-05-18T00:00:00Z,-0.16029350674799053,0.8198838125047285,0.4077377357914962,2.7275443409764084,-0.2987012987012987,-1.4984415584415585,5
2019-05-20T00:00:00Z,-0.3291435576015348,-0.1475345275155695,-0.2355642672336138,0.4779064426027187,-0.665158371040724,-0.42857142857142855,3
2019-05-21T00:00:00Z,0.18192559792705315,1.453513858974502,1.6104366802908674,3.7557973777841647,0.6745299145299144,0.09523809523809523,10
2019-05-22T00:00:00Z,0.27411654000747127,1.1872697985674925,1.2694857518655536,3.0986190527267943,1.003189792663477,0.07575757575757577,6
2019-05-23T00:00:00Z,0.05562588353562312,0.5918173261540484,0.5846329826452784,2.4856872523778435,-1.0174603174603174,2.5833333333333335,7
2019-05-24T00:00:00Z,-0.4899704324091251,1.4949833527159933,0.06386073031634394,2.678895156211319,0.9613386613386614,-3.0714285714285716,8
2019-05-25T00:00:00Z,0.28879338307567265,0.881250756390712,1.0886152153269306,1.5856966843639373,0.4095238095238095,0.8333333333333333,4
2019-05-27T00:00:00Z,0.13459296509896607,0.46302451110301435,0.6436893665316805,0.9265125664593759,-0.05263157894736842,-1,2
2019-05-28T00:00:00Z,-0.3408953527293483,0.6893673932273393,0.30805997808612745,1.6883863151262106,-2.3500215470803707,1.8333333333333333,7
2019-05-29T00:00:00Z,-0.10339786802548705,1.0521794047957798,1.587685209156361,4.133452406691686,-0.186863711001642,0.1444788441692466,9
2019-05-30T00:00:00Z,0.27861949314671863,0.5974438233173766,0.8271845296934828,1.9852930482435844,1.059047619047619,0.2272727272727273,7
2019-05-31T00:00:00Z,-0.21975336430579187,0.3479696576827891,-0.11100296432618532,1.2546081655992438,-0.057142857142857106,-1.3636363636363638,5
2019-06-01T00:00:00Z,-0.08661081274743579,0.012127927189670623,-0.2965013711365231,0.9410364957961496,-0.7335775335775336,-1.5,4
2019-06-03T00:00:00Z,0.03235739458056789,0.5142366047765856,0.38613515594856196,1.0066682167161483,-0.711111111111111,-1,2
2019-06-04T00:00:00Z,0.21295715973469662,1.2085029353699666,1.022028318468747,3.683866523677194,-0.8071148459383753,-0.42424242424242425,8
2019-06-05T00:00:00Z,0.04859605996597109,0.7957976440257742,0.22535058235708205,2.5905266379002625,-1.6965534465534464,0.08095238095238094,7
2019-06-06T00:00:00Z,0.5367035944485689,1.5003860443389407,1.956220100850286,3.096368454058534,1.5929292929292929,1,7
2019-06-07T00:00:00Z,-0.15367346752543581,0.6624784213422256,0.5271452972741093,2.2495980059372465,-0.4838383838383838,-3.7,6
2019-06-08T00:00:00Z,-0.01107558461973202,0.49874140817112367,0.6085333698517387,1.2526620733848493,1.8233766233766233,1.8,5
2019-06-10T00:00:00Z,0.11589342504714054,0.6544416860737736,0.4528441822633744,1.2775365560552763,0.0769747899159664,-1.009090909090909,3
2019-06-11T00:00:00Z,-0.051314888023055186,1.5817644536148838,1.1531586490385268,3.931049383822386,2.6574314574314575,2.212121212121212,7
2019-06-12T00:00:00Z,0.2779488185913328,1.189429597393399,0.7115694217452124,2.943361988891413,-0.5426618015627303,0.11111111111111105,6
2019-06-13T00:00:00Z,0.4893777307612249,1.743604016240911,1.3414393674763994,3.8863954181089526,-0.37878787878787873,-0.2777777777777778,10
2019-06-14T00:00:00Z,0.3345527523102144,0.8903126755925822,1.474140077223784,2.384468115069861,0.6666666666666667,0.5666666666666667,7
2019-06-15T00:00:00Z,0.20843130094675272,0.6349770081848221,0.6782995466007198,1.6539932359942036,-0.0695970695970696,-1.1666666666666667,6
2019-06-17T00:00:00Z,0.020944979107107367,0.20529871839962616,0.34642470828837896,0.5000092662192455,1.3384615384615386,1,2
2019-06-18T00:00:00Z,0.07805984172108148,1.0065150143976986,0.7657121770142495,3.1748193414417436,-1.5269461532619428,-2.757142857142857,9
2019-06-19T00:00:00Z,0.07296303760370498,0.30821242076530697,0.4076196518525737,1.4969803818301008,0.8219696969696969,0.06060606060606061,5
2019-06-20T00:00:00Z,0.02316054523408912,-0.03718823361428886,0.12180098753360458,1.6357457283648564,-0.07738927738927742,0,8
2019-06-21T00:00:00Z,0.06997965980621663,0.1872329767747752,0.3924231666726,0.9732478746226065,-0.875187969924812,0.6666666666666667,5
2019-06-22T00:00:00Z,-0.09667504162054934,0.8689967205785306,0.38604466990424224,1.9908722094241185,0.3039787798408488,-0.6888888888888889,5
2019-06-24T00:00:00Z,-0.24509446947938812,-0.19060262777576623,-0.5772317283247874,-0.12189690724969517,0,-1,2
2019-06-25T00:00:00Z,0.11819164515433837,0.631056786293614,0.7624629456368253,2.372015032028771,1.0415966386554623,2,6
2019-06-26T00:00:00Z,-0.12824588757689845,1.4591191092437126,1.3125663444695408,2.8485507298527715,0.10364184763672322,-0.9701149425287356,7
2019-06-27T00:00:00Z,-0.1444203688223254,0.5075455544155242,0.7279002163741104,2.4073143317733985,1.0476190476190477,-0.380952380952381,7
2019-06-28T00:00:00Z,-0.013515295131724508,1.1152927711828304,0.9784147495746514,2.5434834580877057,-0.5569267333973217,-1.0571428571428572,9
2019-06-29T00:00:00Z,-0.0417525941676907,0.9471385999298009,0.23776941941150412,2.5236103756930914,-0.8512820512820513,-1.7142857142857144,5
2019-07-01T00:00:00Z,0.07198004554996454,0.17391110492966683,0.3283162242444449,0.47079368826422263,0.5,0.14285714285714285,1
2019-07-02T00:00:00Z,0.046335009333448605,1.1759248204926993,0.5669497997378251,3.7901784063708486,0.07179487179487168,-0.33571428571428574,11
2019-07-03T00:00:00Z,0.39844496314363015,1.3197993128093102,1.346843971154297,2.465143456920847,0.35534610317219006,-0.4095238095238095,5
2019-07-04T00:00:00Z,-0.10939183772940117,1.696254153781387,0.7489083901292005,2.954974667931964,0.01428571428571429,0.4,6
2019-07-05T00:00:00Z,0.17866205658936524,1.3827048838473455,1.516029881697219,2.3417900864851324,0.9711779448621555,0.5244755244755245,5
2019-07-06T00:00:00Z,-0.17240665850480136,0.6558010227535986,-0.1226045847674584,1.1084968994010296,-0.6,-0.5098039215686274,4
2019-07-08T00:00:00Z,-0.13654459578653264,-0.27419432813588773,-0.3593583630856388,0.16622805399983198,-0.7450980392156863,-1,2
2019-07-09T00:00:00Z,0.08540693822478619,0.6539300304311624,0.32399846755556155,2.2112767935838504,-0.38423710792131843,-1.1666666666666667,8
2019-07-10T00:00:00Z,0.0023772289565349436,0.3221801762243157,-0.3637820710647257,1.5845771330058736,-0.5703651187522155,-3.1666666666666665,6
2019-07-11T00:00:00Z,-0.15212481227570024,0.3088576029375242,0.16775568267042937,1.7707618974252288,1.1666666666666667,-0.9916666666666667,6
2019-07-12T00:00:00Z,0.15902555316850878,0.9684668168918596,0.10808483739189133,2.707381409389114,-0.6713012477718361,-3.049197860962567,7
2019-07-13T00:00:00Z,0.16782727652552276,0.5850771593970615,0.5044728378674764,1.5284180770232312,0.8717948717948718,0.3431372549019608,4
2019-07-15T00:00:00Z,-0.39227578687955866,-0.5341001883502156,-0.8790677119590254,-0.26060048170225725,-1.46984126984127,-2,3
2019-07-16T00:00:00Z,0.4535827817504549,0.5160528570942213,1.1123034403365821,1.6372352579063303,0.718796992481203,0,5
2019-07-17T00:00:00Z,-0.08713521961984286,0.4056631494800349,-0.4592705961852184,1.122859121244694,-0.8021645021645021,-2.3846153846153846,5
2019-07-18T00:00:00Z,0.03575644383454243,0.6695385873749808,0.476309064980182,2.194267280502411,1.8123931623931624,0.2,7
2019-07-19T00:00:00Z,-0.09349699078826285,1.2965470387122744,0.9660353790281857,2.8198677527450755,0.8141329258976318,0.6333333333333333,7
2019-07-20T00:00:00Z,-0.018758377538850693,0.5446393149551867,0.3450491086595313,0.8523074195904426,0.8,0.5,2
2019-07-22T00:00:00Z,-0.168823663756952,-0.2920491007860823,-0.4964250853285511,-0.3303546176389847,-0.9,0,2
2019-07-23T00:00:00Z,0.3462677191781238,1.2921102294210232,1.4803879278480803,2.7926455094613054,0.32356532356532364,1.6,8
2019-07-24T00:00:00Z,-0.20600515625758342,0.8401532305145419,0.5946605112255317,2.7641046718017352,-0.20401382243487504,0.22222222222222227,7
2019-07-25T00:00:00Z,-0.0015870433142035623,2.005976109318571,1.5561517407056598,3.8344078783020694,1.9411027568922306,1.3,8
2019-07-26T00:00:00Z,-0.22053151622909326,1.1296101270589916,0.5239716994318582,2.658728582519523,-0.28319327731092436,1.4454545454545455,6
2019-07-27T00:00:00Z,0.05740693872211605,0.457140911877372,0.66214842737825,0.7380393148553985,0.20474583895636528,-1.5,5
2019-07-29T00:00:00Z,-0.3443210613017873,0.7247386854171314,-0.4899590220072579,2.1408879752302306,1.3229055258467024,0.5,7
2019-07-30T00:00:00Z,-0.09431963918097805,0.7647973944529091,0.5128959541704134,2.4284761614211536,3.8253968253968256,2.8181818181818183,7
2019-07-31T00:00:00Z,0.6695803278523575,1.7363450635982995,2.078801423346548,3.544169326684487,2.4069264069264067,2.65,6
2019-08-01T00:00:00Z,-0.43377234614732485,0.2689520688172243,-0.2470392265506258,0.8527096490608542,-3.2,-1.1666666666666667,6
2019-08-02T00:00:00Z,0.019884105955431965,1.4485401709988297,0.8590028948769534,2.892997095943082,0.757237533708122,-4.566666666666666,10
2019-08-05T00:00:00Z,-0.016922641754963844,0.3678760853792561,0.5059794194587792,0.9462951407354585,1.0256410256410255,1.3333333333333333,2
2019-08-06T00:00:00Z,0.15834267152790205,0.7372042911715061,0.5950613112642572,1.6099311464738297,0.08157894736842108,1,6
2019-08-07T00:00:00Z,0.25393524413658486,1.4372611890118672,1.2397502654724935,3.72098735611884,-0.44433465085639,-0.175,8
2019-08-08T00:00:00Z,0.22113419168981266,0.9779574108870401,1.3797216735798994,2.696756481580358,-0.5107142857142857,1.8181818181818183,6
2019-08-09T00:00:00Z,0.0782714841904566,0.5286193447415469,0.13473179442866018,1.521503002591125,-1.1373889268626112,-2.5952380952380953,7
2019-08-10T00:00:00Z,-0.0511352443584813,0.5230347652607505,0.1740932379495135,1.3819039227815024,-2.107936507936508,-1.717948717948718,4
2019-08-12T00:00:00Z,-0.14541625827208346,-0.09882935406328502,-0.34090233568638323,0.35599671448167985,-1.2,0,2
2019-08-13T00:00:00Z,0.10511169970806089,1.4992250848938744,1.05969812254578,3.2363851491606876,0.31587301587301586,-1.6,7
2019-08-14T00:00:00Z,0.42985711308629493,1.7344295171455177,0.5950460189757052,2.7231104536851167,3.12111801242236,1.9285714285714286,6
2019-08-15T00:00:00Z,0.018609654576251033,1.2196511630818778,0.8389184151732327,2.61812352503393,0.008618574408048113,0,6
2019-08-16T00:00:00Z,-0.08046743766024089,1.5555686487687987,0.913666032414177,2.5206212295108377,-0.3265734265734265,-1,8
2019-08-17T00:00:00Z,0.04529354451312077,0.7319344005902412,0.48843008228297213,1.6210609766378823,0.24603174603174605,-1,4
2019-08-19T00:00:00Z,0.1928686030996332,0.18636220344294885,0.31074244550797164,0.4472591005510618,0.6285714285714286,-2,3
2019-08-20T00:00:00Z,-0.15029841774691624,0.3186251423523899,0.1556261076226385,2.1990128430672047,1.1714285714285715,4.142857142857143,8
2019-08-21T00:00:00Z,-0.11243933789371864,0.5956385105011781,-0.18437024369850474,2.2136460184267337,0.4527763902763903,-0.5501831501831502,6
2019-08-22T00:00:00Z,0.5041328980055356,1.2191571197088271,1.4639466088887862,3.4033873580462175,2.8523809523809525,0.5,10
2019-08-23T00:00:00Z,-0.08011120139142253,0.16549022934029545,0.002158000883136571,0.9101964754102163,1.1666666666666665,-1,6
2019-08-24T00:00:00Z,0.11864979505387707,1.0600409063305436,0.9692073989153093,2.4845211604635984,1.337738731856379,1.6634615384615383,5
2019-08-26T00:00:00Z,-0.2327171575960023,-0.3300122044085729,-0.6864806110938744,0.1409666552089257,-1.0384615384615383,0,3
2019-08-27T00:00:00Z,0.040092501220498,1.6650585132632962,1.4285371816650294,3.472511041738034,3.3111888111888113,2.8666666666666667,7
2019-08-28T00:00:00Z,-0.29063393556225275,1.2942411003365586,0.23072988862185304,2.2824857993295344,0.4467320261437908,0.4166666666666667,7
2019-08-29T00:00:00Z,0.2890430318511785,0.7813488825177778,1.8535052418712923,3.2730999450239415,3.4727272727272727,2.7777777777777777,7
2019-08-30T00:00:00Z,0.0704935558306035,0.8338752808918575,0.4514060334079964,2.83839466691564,-0.21391941391941396,-0.826984126984127,8
2019-08-31T00:00:00Z,0.03999492656704548,0.7018970007197218,0.5559952083918311,1.0379328119628057,0.7,0.6666666666666667,2
2019-09-02T00:00:00Z,0.13876803559670975,0.4957516285670077,0.844703508121274,1.7189197995060344,-1.0755693581780539,-0.23333333333333336,4
2019-09-03T00:00:00Z,-0.09936625076724273,0.2777887492031841,-0.4728745275947599,2.081080728245246,-0.27575757575757576,-0.8333333333333333,7
2019-09-04T00:00:00Z,0.2736087769309354,0.8545841993103356,0.9188163270912181,3.054105141771448,0.9881474734415912,-0.05982905982905978,7
2019-09-05T00:00:00Z,-0.07788791191684544,1.9819329592130746,0.6581404696970643,2.6143631921468207,2.0326976944624002,2.942857142857143,8
2019-09-06T00:00:00Z,-0.04544986685237298,1.1964349187729908,1.0137516153973838,2.7872738377512496,2.068681318681319,0.9285714285714286,6
2019-09-07T00:00:00Z,0.13404502625096348,1.2436619565079827,1.0698379000838196,2.5928539100554655,0.8358585858585859,1.8333333333333333,5
2019-09-09T00:00:00Z,0.15322475741429775,0.3756904355641256,0.2776427781386973,0.8289257450198486,-0.1333333333333333,-1,2
2019-09-10T00:00:00Z,0.05941427933071935,1.8213177278479158,1.2623160004343152,3.4176704343320825,1.9655844155844155,0.2222222222222222,7
2019-09-11T00:00:00Z,0.13422990699500675,1.0852731161944522,0.6494177334463144,2.7162960725665477,1.231818181818182,-0.17543859649122806,6
2019-09-12T00:00:00Z,0.3064550456762912,1.0411035046792603,1.1921912881357488,2.9805017504299087,0.9264069264069265,-1,7
2019-09-13T00:00:00Z,0.0718401373734212,1.2983566519087644,1.5491206251929426,3.2754957931602187,-1.8433580911841783,-1.088888888888889,8
2019-09-14T00:00:00Z,0.12229915595115921,1.2976818598665878,1.08096495128036,2.3912176250457207,1.1142857142857143,-0.5,5
2019-09-16T00:00:00Z,-0.01588398345193505,0.06088176168884282,0.0183528050113011,0.7038190199860113,-0.55,-1.3333333333333333,2
2019-09-17T00:00:00Z,-0.504624020430832,0.7306432777753363,0.591331871256183,4.204290149160622,-1.4544279250161603,-1.4761904761904763,9
2019-09-18T00:00:00Z,0.18167654969521593,0.4038474361792258,0.4545907595843204,1.679122590043643,0.746031746031746,0.8,5
2019-09-19T00:00:00Z,-0.055395399661533326,0.7268174500517112,0.4354590799094901,2.0560082077021016,-0.9272345301757067,-1.4,6
2019-09-20T00:00:00Z,-0.07743825164109681,0.6046768046666041,0.8626236187246769,1.7698790550290588,-1.2722832722832722,-1,6
2019-09-21T00:00:00Z,-0.4240732788770753,-0.743828217676539,-0.6336057028738618,0.4241111652835765,-0.849874686716792,1.5,4
2019-09-23T00:00:00Z,-0.3120579997768258,-0.29747493981514594,-0.6004713778406212,-0.1584743047029255,0.6,-1,2
2019-09-24T00:00:00Z,0.11567242662209092,1.5031529818180354,1.805979192007232,2.9234329119277938,1.6476190476190475,1.2222222222222223,6
2019-09-25T00:00:00Z,0.3109383399288808,0.83906546469987775,0.7183878271585131,1.7612024447289412,1.0233443027560674,0.45714285714285713,5
2019-09-26T00:00:00Z,-0.020246912434036042,0.8829668758557668,0.9199554429321583,2.3273337015452276,0.34288231623000776,0.6190476190476191,7
2019-09-27T00:00:00Z,-0.216285424750982,1.4186500389758725,0.7699085093201498,3.084459708087789,3.7244778613199667,1.3333333333333333,8
2019-09-28T00:00:00Z,0.11452851973551445,0.574203328408947,0.6839431488023429,1.6335544124888035,-0.7238095238095238,-1.375,4
2019-09-30T00:00:00Z,0.0041273736049211585,-0.13519851124081098,0.056790812385613454,0.3057894203994227,-0.25,0,2
2019-10-01T00:00:00Z,0.20727834824606844,1.9414092628179607,1.6310895873767524,3.066971685228526,3.590909090909091,4,6
2019-10-02T00:00:00Z,0.038589041596919955,0.5546512139467727,-0.02011175720657237,1.8981064036219484,0.7326007326007327,1.3333333333333333,5
2019-10-03T00:00:00Z,-0.10735251154972439,0.8023574106311028,0.39329623137104397,2.514146623927894,-0.2451770451770452,1.780701754385965,7
2019-10-04T00:00:00Z,0.34082417265974657,2.166628415445937,2.514825140602063,4.8047244279189645,1.006878306878307,1.3611111111111112,10
2019-10-05T00:00:00Z,0.03321983636211237,0.34048400740657764,0.16750156009821668,0.7207481271530604,-0.7777777777777777,0.33333333333333337,2
2019-10-07T00:00:00Z,-0.1289381883719049,0.27415906465347195,0.3269303466742275,0.8563353718633527,0.5454545454545454,1,2
2019-10-08T00:00:00Z,-0.12259648023528019,0.804840833512233,0.3587521679925011,2.2510723138728985,3.477777777777778,1,7
2019-10-09T00:00:00Z,0.19431762319090584,0.6829026959028599,0.7401381522557301,1.582609636250949,-0.21848739495798314,0.6666666666666667,4
2019-10-10T00:00:00Z,-0.2868418832288223,0.9887170546620141,-0.13808370929390976,2.490653340977156,0.4510683760683761,0.24117647058823521,7
2019-10-11T00:00:00Z,-0.37478912152145655,1.025560224135284,0.1307906837397666,1.7404664929392484,1.0601398601398602,-1.3333333333333333,7
2019-10-12T00:00:00Z,0.18894185037258912,0.45016693390365614,0.8314819746128705,1.9066127084238085,0.611965811965812,0.8717948717948718,5
2019-10-14T00:00:00Z,0.18910843642517328,0.6526854776131029,0.4959053564025616,2.2322022124643346,0.6294117647058823,2.0476190476190474,5
2019-10-15T00:00:00Z,0.11071649202808094,2.011370428285142,2.0257497670396933,3.639429103136444,2.0456043956043954,1.8888888888888888,7
2019-10-16T00:00:00Z,0.297410402909774,0.7961579882727965,0.31150864651542143,2.407707264914625,-1.517156862745098,-1.3714285714285714,7
2019-10-17T00:00:00Z,0.14931477040848565,1.9139175107276754,0.7330989055367525,3.1250717999352933,-0.6834757347915242,-1.9227272727272726,6
2019-10-18T00:00:00Z,-0.39134248419978,1.0722232750807388,0.5768854305866622,2.345516817520047,-0.9761904761904762,2.4,8
2019-10-19T00:00:00Z,0.0845809637185963,0.5042122269615206,0.4487046732489505,0.8110608758207323,-0.5668449197860963,-0.475,2
2019-10-21T00:00:00Z,0.17608130397333774,0.5869292042055521,0.7460077592983786,1.2664372912330446,-0.032051282051282104,-2.121212121212121,4
2019-10-22T00:00:00Z,-0.21759189719793812,1.4653698485368662,0.5210862320459682,2.1535325255252884,0.4055555555555556,-3,7
2019-10-23T00:00:00Z,0.16880448186219638,1.5862498825089049,1.6883492468385208,3.3255754116561946,0.6712673291620661,1.1923076923076923,7
2019-10-24T00:00:00Z,0.1839364959337928,1.8918223135119856,1.684584427873496,3.5749598711427644,0.9856449106449106,3.2,9
2019-10-25T00:00:00Z,0.3903177386616175,1.4278559717804082,1.6624092522061131,2.596391900261311,1.6236013986013986,-0.6,8
2019-10-26T00:00:00Z,0.33257441203142357,0.6529463678741727,1.1117433071450968,1.666076833174519,0.3737373737373737,0.3571428571428571,4
2019-10-28T00:00:00Z,-0.0882438162214619,0.38733536908470856,0.3029921003613544,0.9160604771352034,-0.5238095238095237,-2,3
2019-10-29T00:00:00Z,0.012622848198713399,0.8548075270187232,0.6732704005486885,2.481900216498064,-0.9668577799012581,-2.0166666666666666,7
2019-10-30T00:00:00Z,0.7702769822098103,3.348766058928961,2.1452273233936863,4.99759239660211,0.4624264538351226,1.0951437451437451,10
2019-10-31T00:00:00Z,0.43943587904900044,1.3811608252337526,1.5847544858581306,2.7611792128916925,2.461288711288711,2.6,8
2019-11-01T00:00:00Z,0.2179844096501939,1.5001788183333982,1.756614190058449,3.0747248438657926,1.6468671679197995,3.933333333333333,9
2019-11-02T00:00:00Z,0.12065467808966762,0.7154456729199553,0.016267381064317903,1.07363264927338,1.6944444444444444,3,4
2019-11-04T00:00:00Z,0.20890566429738924,0.5670179560692289,0.8077926661360221,1.1117802132192787,0.36363636363636365,0,4
2019-11-05T00:00:00Z,0.45405979017722226,1.8648499827183687,1.531540684612387,3.7628463344948764,1.6463712757830404,3.45,8
2019-11-06T00:00:00Z,-0.2727648280366332,1.848426350251318,0.5858262888986705,2.5001671231302454,1.5095238095238095,0,6
2019-11-07T00:00:00Z,0.12014328931942315,1.9078470880964118,1.2665194025123712,2.9633679686871894,0.8286602286602286,1.5142857142857142,7
2019-11-08T00:00:00Z,-0.07952332891582202,1.3158097543906158,1.1564193973804844,1.9584352863777466,1.8471288515406163,-0.21428571428571425,7
2019-11-09T00:00:00Z,0.04920074915267718,0.6282143215442648,0.5903090223133379,1.5563727639526475,-0.1388888888888889,1.1666666666666667,3
2019-11-11T00:00:00Z,-0.2481240315295738,0.5312263245974598,0.3371807806710021,0.8403635126491342,-0.775,-0.2,3
2019-11-12T00:00:00Z,0.4577345986440347,0.9083315462585508,1.534291334367734,3.1257735769920756,0.8869267986915046,1,9
2019-11-13T00:00:00Z,0.6787620620789913,1.5051330234804672,1.9925831367582514,3.436973408653015,0.17948685557980973,3.2111111111111112,8
2019-11-14T00:00:00Z,0.1090355161251982,1.950907745820526,1.7182893471622656,3.8739382360253347,1.1295454545454544,-1.4285714285714286,9
2019-11-15T00:00:00Z,0.15332871276175458,1.0496677627305473,1.028845348036434,1.7098492441961695,1.6744588744588744,2.571428571428571,5
2019-11-16T00:00:00Z,0.08612316219254713,0.9601166267308001,0.8945929733649042,2.232754400515705,1.7307692307692308,1.1688311688311688,3
2019-11-18T00:00:00Z,-0.029471865823928696,0.1757185745463151,0.3273131324702845,0.3391099394121459,-1.625,-1.5,2
2019-11-19T00:00:00Z,0.38015778988210436,1.924125109139256,1.9852460080684207,4.351620279644942,1.1451031671249736,-0.38888888888888884,8
2019-11-20T00:00:00Z,0.6017312331475214,1.2890717735936683,1.5029554847871407,3.06968556060518,-0.026394657973605296,0.7333333333333333,7
2019-11-21T00:00:00Z,0.16855150208987849,0.8703268275614279,1.0174586597745552,2.8643154562335944,-0.0918831168831169,0.2222222222222222,6
2019-11-22T00:00:00Z,-0.03971249753995915,1.9638509529622963,1.4206732417724934,3.5511297259278147,0.9972222222222222,-0.3666666666666667,9
2019-11-23T00:00:00Z,-0.08268843104830668,0.5936888134749473,0.2661003997919913,1.2913137408087538,1.8571428571428572,0.7777777777777778,4
2019-11-25T00:00:00Z,0.1555419774265184,0.08525006137922142,0.4285107143442467,0.6067704210099378,0.3017127799736495,-1.6,3
2019-11-26T00:00:00Z,0.025911187608612222,0.5431629590701271,0.6233627327335438,1.5713467200171163,-0.37885154061624654,1,6
2019-11-27T00:00:00Z,0.028237420798476232,0.77031005509987,0.49249378937155125,2.540923001150508,0.529946524064171,-1.4285714285714286,7
2019-11-28T00:00:00Z,0.23429972068821853,1.4155164219017018,1.3553075196955529,2.5833184465580192,1.071952608794714,-0.20366300366300366,7
2019-11-29T00:00:00Z,-0.23538225518176187,0.13931146541998146,-0.25233383561137657,0.6161036521839129,-0.17272727272727273,-0.5,3
2019-11-30T00:00:00Z,0.024888494030662154,0.8885735103148378,0.6872257801949578,2.01719880706501,0.21666666666666662,-0.14285714285714285,4
2019-12-02T00:00:00Z,0.08380733047225374,0.9418362509905582,0.8216146138820319,1.4706083670909875,0.8571428571428572,-0.6666666666666667,3
2019-12-03T00:00:00Z,0.14991157037259348,1.3187576205602278,1.405278307660194,2.8112956805287257,-1.349299719887955,-1.6142857142857143,5
2019-12-04T00:00:00Z,0.2269737562097215,1.594853942561114,1.05121397551377,2.8462504070077266,-1.7629785247432306,-1.8333333333333333,8
2019-12-05T00:00:00Z,-0.09102678725939069,1.0250650662614322,1.1374248009831431,2.8591881268855843,0.9166666666666667,1.819047619047619,8
2019-12-06T00:00:00Z,-0.3973107165816436,0.4398084755567638,0.19331302507583617,1.4037631575618754,-0.1293650793650793,0.21818181818181825,5
2019-12-07T00:00:00Z,0.13987261148960983,0.6124455508250184,0.6459054330501416,1.2682460390708432,-0.5555555555555556,-0.2,3
2019-12-09T00:00:00Z,0.22419625163660672,0.6859095191341988,0.6019494508903367,1.4024737416396216,-0.5897435897435898,-0.6666666666666667,3
2019-12-10T00:00:00Z,-0.10758606917641743,0.5724747420033657,0.21991030297477102,1.0528709909998386,1.7454545454545456,0.8571428571428572,4
2019-12-11T00:00:00Z,0.5899957904644418,1.4012611834067115,1.0295716370228185,2.802943368771122,2.0095238095238095,1.2222222222222223,7
2019-12-12T00:00:00Z,0.5775498589842565,2.128190366683505,1.8411845921919356,2.9797652163316015,1.6833333333333333,2.4242424242424243,8
2019-12-13T00:00:00Z,0.13311086986453669,1.2466804207805517,0.8752043988783484,1.7147316541098936,0.6127450980392157,2,4
2019-12-14T00:00:00Z,0.3411748970331387,0.652408031572174,0.7708990218069407,1.1654914396285425,0.711111111111111,1,2
2019-12-16T00:00:00Z,-0.12057367192026186,0.5765316291862863,0.06859560882944646,1.0164158368803755,1.7878787878787878,3,3
2019-12-17T00:00:00Z,0.21762002364841004,1.9378971081651117,1.6696947888200944,3.2003515274616308,-1.106370753429577,-0.10256410256410253,8
2019-12-18T00:00:00Z,0.23165045714041377,1.0602262486906886,0.3034790250059108,2.1272624156074196,1.1622556390977443,-0.9116161616161615,7
2019-12-19T00:00:00Z,0.06534729272587923,1.1026908456570284,0.7333719512872339,1.4355558806013442,1.988888888888889,2,5
2019-12-20T00:00:00Z,0.6213184901558222,1.0863583433244928,1.614857605870745,2.2309033006745196,0.6904761904761905,1.6666666666666667,6
2019-12-21T00:00:00Z,0.21161434447324165,0.5005590661224578,0.51093415105463,1.044331705184509,0.9761904761904762,0.6666666666666666,3
2019-12-23T00:00:00Z,0.1329246767123481,1.5487486470665934,0.9269024005396986,1.9157312256548371,1.9,1.6666666666666667,3
2019-12-24T00:00:00Z,-0.007080166764443442,0.47635986219531495,0.14393335524083642,0.586510143934958,0.5555555555555556,1,1
2019-12-26T00:00:00Z,-0.051017962031103994,0.6877744937108766,-0.2686499446481184,1.3992483399922324,0.6657329598506069,-1,4
2019-12-27T00:00:00Z,0.1220585527190856,0.15644967925531902,0.23893793915817266,0.29062370572680857,1,1,1
2019-12-30T00:00:00Z,-0.04242882603044509,0.6216359306557262,0.2326842979873814,1.2481648530383422,0.7350427350427351,0.625,2
2019-12-31T00:00:00Z,0.01574229154529387,0.3646986298510315,0.27013152278895824,1.0373999728052823,-0.4285714285714286,0.6363636363636364,2
2020-01-02T00:00:00Z,-0.0050746873012629335,0.6687310537926722,0.2851280126000158,0.6376526366281526,0.125,0,1
2020-01-03T00:00:00Z,0.0011361055055691682,0.37044044217760463,-0.16523126681615596,0.6911959287988959,0.3865546218487395,-0.4,2
2020-01-06T00:00:00Z,-0.21548865246114904,-0.06496201126720114,-0.4363877769437731,-0.09996988486261514,-0.25,0,2
2020-01-07T00:00:00Z,0.07910282210740749,0.6682469495735762,1.1815295145575822,2.190895599825837,-0.8766233766233766,-2.6666666666666665,7
2020-01-08T00:00:00Z,-0.301543450899268,0.1674754864514439,-0.6941195918824552,2.6897703530995987,-2.043965975544923,-0.04548872180451129,10
2020-01-09T00:00:00Z,-0.02805723899989456,1.302556285897305,0.45948866452659,1.7433496737841703,0.7083333333333333,0.2727272727272727,5
2020-01-10T00:00:00Z,-0.0448008618140114,1.5904024584037015,1.0286255325789908,3.1607489622253326,-2.1012820512820514,0.6666666666666667,8
2020-01-11T00:00:00Z,0.014241401721062946,0.18767799851424546,0.272310868960873,0.36313710982741815,0.6190476190476191,-0.4,2
2020-01-13T00:00:00Z,-0.06643390887830054,0.09260125064928489,0.015381324982084402,0.5710851703454736,-0.1616161616161616,-1,2
2020-01-14T00:00:00Z,0.2652884317170182,1.673930593530727,1.8869148740371111,3.1424831778943756,3.5002164502164503,4.5,9
2020-01-15T00:00:00Z,0.6412013665657608,2.194251009167338,1.8402637610100991,3.2731621321257864,2.4876984126984127,-0.5714285714285714,7
2020-01-16T00:00:00Z,0.052549326467704945,1.2972634786877024,1.000120480787927,3.3053811171608096,-2.494074521304123,-2.1228070175438596,6
2020-01-17T00:00:00Z,0.038440588652210575,1.319234211074988,0.5640915230497848,2.052303058398537,0.768341307814992,0.4142857142857143,5
2020-01-18T00:00:00Z,0.05417776904034441,0.4122397527539564,0.40751144258693806,1.4212803529352636,0.7323603125460711,0.4545454545454546,4
2020-01-20T00:00:00Z,-0.11863346610153305,0.22948681789092132,-0.052099786296519054,0.4076779615118211,0.2,-0.25,2
2020-01-21T00:00:00Z,-0.6047718422059406,0.7903130474003396,0.2371717365565822,2.650394699224152,0.25029914529914526,-0.4778554778554779,9
2020-01-22T00:00:00Z,-0.6141377256680908,0.7348331016631442,0.165044423155942,2.569962562271056,-1.579638456172983,-0.9833333333333334,7
2020-01-23T00:00:00Z,0.07179356934548453,1.4894419420406912,1.120317451134171,3.3287438586757174,0.2199000999000999,0.02637362637362639,6
2020-01-24T00:00:00Z,0.09320443210311606,1.5888112204797884,1.444541111379766,2.6550090327833984,1.1123376623376622,-1,7
2020-01-25T00:00:00Z,-0.03653996140506727,0.5969959417805417,0.3440916786392745,0.8972153640109335,0.8666666666666666,-0.6153846153846154,2
2020-01-27T00:00:00Z,-0.15846072532735006,1.1701335427216726,0.3121777507779143,1.4703899468345738,1.4027777777777777,2,3
2020-01-28T00:00:00Z,0.14890001281770596,0.9014493157486557,1.5406484834289451,2.485333578242082,0.20518370518370513,-1.8627450980392157,7
2020-01-29T00:00:00Z,0.02261887289539831,1.9859055719931957,1.5768873107771038,3.3289484681074972,1.9208298524087999,1.6666666666666667,9
2020-01-30T00:00:00Z,-0.39946811654292935,1.2962227579234908,0.46313546169545433,2.116404016443059,2.3495670995670994,0.6666666666666667,7
2020-01-31T00:00:00Z,-0.34316358642672784,0.71831582799242,0.6945901072824902,2.1509384967731546,-0.0813703205007553,-2.6666666666666665,6
2020-02-01T00:00:00Z,0.38776419597511713,0.7926098890263416,0.61518859693525,1.5469698338256457,-1.2285714285714286,0.6666666666666667,4
2020-02-03T00:00:00Z,-0.15570748936761478,0.5712052331870712,0.08190032419936835,0.8642933073652781,0.33333333333333337,-0.75,2
2020-02-04T00:00:00Z,0.6445708787971786,1.0600453899084625,1.3530071613923618,2.2762071899196803,-0.49122807017543857,0.7222222222222222,5
2020-02-05T00:00:00Z,0.34976460496865064,1.3055020796371808,0.9709485339361691,2.7703674171511694,-1.2144007361398665,-1.15,5
2020-02-06T00:00:00Z,-0.0474160025048293,0.8698773333822597,0.335382906012894,1.5115335046512306,1.0077777777777777,1.9090909090909092,5
2020-02-07T00:00:00Z,0.32523655422332887,0.8447470895000188,1.1278309568581197,2.1428479571467918,0.8581087284412093,-1.15,6
2020-02-08T00:00:00Z,-0.2135187061950994,0.3884061408798809,0.14746463692723136,0.8450598483030547,-0.4,-1,3
2020-02-10T00:00:00Z,-0.5442696295374998,0.3041150687585862,-0.15044346120798627,0.9805856533925765,-1.041628959276018,-1.4761904761904763,3
2020-02-11T00:00:00Z,0.2077051428113499,1.651753929782449,1.2048742164319157,3.601411694535579,-0.9832725753778385,-1.1794871794871795,8
2020-02-12T00:00:00Z,0.2943948617631355,1.2943121189832982,1.2277762221280561,2.9259033541236366,0.03079817785700137,-1.2833333333333332,8
2020-02-13T00:00:00Z,0.4001429726399976,1.1544454335621157,1.8581871251613005,2.5834929778049,-0.7703007518796992,-1.35,6
2020-02-14T00:00:00Z,-0.23186931931207272,1.6097980291633405,0.7206441998767482,2.3739776268477835,0.03846153846153838,0.5844155844155845,6
2020-02-15T00:00:00Z,0.2484469279988548,0.5876794688584446,0.8828723251141266,1.5104666819038202,-0.5111801242236025,0.6444444444444444,4
2020-02-17T00:00:00Z,0.003410203913812887,0.44218279674627103,0.4016862271040986,0.8293954318080217,0.48221343873517786,0.6,2
2020-02-18T00:00:00Z,0.05398946762831346,1.235038048666816,1.3086210290231333,2.6323516427198794,-1.1946969696969696,-2.1746031746031744,8
2020-02-19T00:00:00Z,-0.258915090192115,1.2599539191708806,0.5017544089085124,2.3391102025070367,2.7056277056277054,2.5,6
2020-02-20T00:00:00Z,-0.322142867142228,0.8789034649107212,-0.15020027197802704,2.304772474521685,1.6777466542172426,-2.238095238095238,8
2020-02-21T00:00:00Z,0.2178331067655928,0.4455248569562985,0.33050477288630364,1.4000415215241657,0.4652680652680653,1.5,4
2020-02-22T00:00:00Z,0.1182912564138282,0.5565652395736841,0.9077336996611169,1.3380864923976508,-1.441628959276018,-2,3
2020-02-24T00:00:00Z,-0.37981793466152225,0.02998998564393103,0.09773247863475638,0.45476942119541486,0.4666666666666666,-0.42857142857142855,2
2020-02-25T00:00:00Z,0.48651319421203854,0.918525860181669,1.0831773892214427,1.777353667516064,2.822222222222222,3,4
2020-02-26T00:00:00Z,-0.2564537693608184,1.1940728984922049,0.6753861012754004,2.7585505637515335,0.747118078000431,-2.858730158730159,8
2020-02-27T00:00:00Z,0.08170258541364418,0.49202539622382524,0.7084055878642253,1.1452249407546715,-0.23809523809523814,0.2,3
2020-02-28T00:00:00Z,-0.047755061938085375,1.082983044777391,0.7417674320792756,2.591146126528375,-1.1988095238095238,-1.0898496240601503,6
2020-02-29T00:00:00Z,0.4036322121072708,1.0317059999784892,1.604600707769013,2.2459998420679748,0.8317460317460317,1.1666666666666667,5
2020-03-02T00:00:00Z,-0.10812665107309898,0.3009938192214947,0.18281130600584825,0.7964457265158628,-0.19323671497584544,-0.6,2
2020-03-03T00:00:00Z,0.5320444007036278,1.267747892065651,1.7705533589740652,2.4480356936667484,1.383116883116883,0.40909090909090906,6
2020-03-04T00:00:00Z,0.1742801138751025,1.4631367365397199,1.2137984145642582,3.158343896403041,-0.7376973601111532,-2.121212121212121,6
2020-03-05T00:00:00Z,-0.1012726852795521,0.23202827618074426,0.3470724212067836,1.663143265069414,-1.6128205128205129,-3,6
2020-03-06T00:00:00Z,-0.01842429657880105,1.2176588582263437,0.7560780372551119,2.935794657248759,-1.0702434820081879,-2.6285714285714286,6
2020-03-07T00:00:00Z,-0.13775521119336248,0.5241284794366736,0.46728258657580823,1.3711398923254925,0.22857142857142854,-0.9047619047619048,3
2020-03-09T00:00:00Z,0.10530707359187605,0.6905448177226032,0.727970152915397,1.6176206227787613,-0.7450980392156863,0.282051282051282,3
2020-03-10T00:00:00Z,-0.2535054705890542,1.0703149656976285,1.0110271860020377,2.5726276353950643,-2.299206349206349,-1.3666666666666667,6
2020-03-11T00:00:00Z,0.1889236735773381,1.2845484981751785,0.8379249250597968,2.6028887052661336,0.082678986919753,-1.1726190476190477,5
2020-03-12T00:00:00Z,0.17839422162972857,1.405951567822855,1.9471968670033324,3.7542919087355826,0.050625741719710876,-2.3714285714285714,8
2020-03-13T00:00:00Z,-0.09196468736139891,1.6591722016666577,0.7994814190980458,3.522335185100423,-2.8703928211600847,-4.59018315018315,8
2020-03-14T00:00:00Z,-0.039619529035416844,0.7972393189183931,0.5065837675978848,1.9398466631166922,-1.9803921568627452,-2,4
2020-03-16T00:00:00Z,0.0028842125286491294,0.5115700664730598,0.42848958600412557,1.0067691474746696,-0.4607843137254902,-0.9333333333333333,2
2020-03-17T00:00:00Z,0.20171066433997445,1.4926136764403177,1.4159406655273614,3.3547711731876055,-1.1820236942517288,0.3606060606060606,8
2020-03-18T00:00:00Z,-0.029710034440697457,1.8438703228278892,1.3678215631031596,2.847793561810775,-1.9594391658659833,-3.0174603174603174,8
2020-03-19T00:00:00Z,0.09566910612145771,1.588320573387654,1.5274527371349715,2.987079337914839,-0.17875457875457873,-4.366666666666666,9
2020-03-20T00:00:00Z,0.026343876705447637,2.0575003757734236,2.157228042762691,4.394298877519921,0.30284700284700283,-0.2577953447518665,10
2020-03-21T00:00:00Z,-0.0015838822349722092,0.9249525239066801,1.1017499978845606,2.0224791283993024,-1.3781512605042017,-2.1991341991341993,5
2020-03-23T00:00:00Z,-0.11916709780310861,0.1570605299362451,0.09011204738101268,0.5637835562148695,-1.1,-1,2
2020-03-24T00:00:00Z,0.005985378226156475,1.6557025452837448,2.279329839603288,3.4808539525528936,-1.8784271284271286,-6.611111111111111,10
2020-03-25T00:00:00Z,0.29671236086498626,1.4942997334964712,1.5234504997810043,3.573553645078836,-1.9572492866610514,-3.097187758478081,8
2020-03-26T00:00:00Z,0.11182919488313256,2.1405148393681586,2.47032255879657,4.724015347142632,-2.159225521067626,-5.6571428571428575,10
2020-03-27T00:00:00Z,-0.21068313280277146,1.698641883464491,1.4326360023659146,3.629532476333483,-1.5572116565924614,-2.3953823953823954,9
2020-03-28T00:00:00Z,0.1895980512496851,1.138913349704767,0.7824295610777674,2.694341108958381,-1.2666666666666666,-3.2476190476190476,5
2020-03-30T00:00:00Z,-0.09014077403082399,0.19386382081479872,0.23908189275783218,0.6415812927653011,-1.1818181818181819,-0.75,2
2020-03-31T00:00:00Z,0.4203029950731791,1.9842706356564799,2.202180082859332,4.504256080597734,-1.1822777001619507,-2.780952380952381,11
2020-04-01T00:00:00Z,-0.0017914228507780842,1.650395571872238,1.6123940361468916,3.9188099860996393,-3.9604700854700856,-6.277777777777778,9
2020-04-02T00:00:00Z,0.043512912741622424,1.8015114145381086,1.9475525122884374,3.8106767661559773,-0.774527227158806,-2.4575757575757575,10
2020-04-03T00:00:00Z,-0.06505994025525666,3.0434250802963874,1.4928311531750975,4.650965740531808,-1.1272557507851624,-2.875,10
2020-04-04T00:00:00Z,-0.2847141375516828,0.6346443473413255,0.5191025308941996,1.392438580170887,-0.6245614035087719,-1.380952380952381,3
2020-04-06T00:00:00Z,-0.0392548393045459,0.38345268267138594,0.030021003806008056,1.22023924622198,-1.6531713900134952,-2.3333333333333335,3
2020-04-07T00:00:00Z,-0.3694941835707217,0.612876654350411,0.3909722995709396,1.7658957625975946,-1.0582389477530143,-2.242424242424242,5
2020-04-08T00:00:00Z,0.19267592024798827,2.1540600279880873,1.9738945032590567,4.879394592967851,-1.9113088616981833,-2.6333333333333333,9
2020-04-09T00:00:00Z,0.23254022857969922,0.88463013729279,0.811717473154346,1.8037884566692841,-1.864611528822055,-2.5,4
2020-04-10T00:00:00Z,-0.044971045948153265,1.1444895451034265,0.7230706763547733,2.2189137985725105,-2.25485347985348,-1.8709150326797386,5
2020-04-11T00:00:00Z,-0.05180671032294065,0.899987380504864,0.8807038969863746,1.9573841677657033,-1,-2,4
2020-04-13T00:00:00Z,0.0361455772872141,0.18515087539418734,0.11524523246350517,0.6985234390947581,-1,-1.6666666666666665,2
2020-04-14T00:00:00Z,0.27003856699588036,1.8695958609403567,1.6541747581612372,4.1994160642710225,-2.3037111106837855,-4.6054834054834055,8
2020-04-15T00:00:00Z,0.09650224188008008,1.7585114445061782,1.1064499639857455,3.6522972371084172,0.44325272428720697,-1.7742424242424242,8
2020-04-16T00:00:00Z,-0.22853681584365765,1.2258401767015974,0.7175894247842671,3.5303118653413583,-2.9639656938044037,-3.12437343358396,9
2020-04-17T00:00:00Z,0.27259353092293925,1.8365067260616956,2.1702503894453713,3.379106198143982,0.49924242424242427,1.606060606060606,7
2020-04-18T00:00:00Z,0.007642464237376054,0.4820533582630659,0.33767878755777925,1.2519304017819988,-0.917948717948718,-0.8,3
2020-04-20T00:00:00Z,-0.1427821225674448,0.16226189476624966,-0.05038603172190632,0.18058902211103675,-0.14285714285714285,-0.5,1
2020-04-21T00:00:00Z,0.01356934335202984,1.2561320491086447,1.1060440520340138,3.1242839082092586,-1.4074561403508772,-0.8253968253968254,6
2020-04-22T00:00:00Z,-0.5129443334166404,1.830505568240471,0.9110135054850755,3.975787487317173,-3.7600562011088328,-2.4388278388278386,8
2020-04-23T00:00:00Z,-0.24839335760556552,1.7741377611077276,0.583545940463518,3.7379931889948677,-1.9683760683760683,-3.466666666666667,8
2020-04-24T00:00:00Z,-0.06171697682387452,1.7179272725094752,1.213626870729903,3.9880796074387197,-3.9847164912382302,-2.8343434343434346,8
2020-04-25T00:00:00Z,-0.03615265484634388,0.9204943099139198,0.8976397966687364,2.1258250967056007,-1.279054279054279,-0.25,4
2020-04-27T00:00:00Z,-0.10549389946478525,0.5317397800672767,0.2500010330233993,0.7529187607178496,-0.5909090909090909,0,2
2020-04-28T00:00:00Z,0.02761815455672297,1.6630964874312855,0.912088798707694,3.951801576709554,-4.125,-4.384848484848485,8
2020-04-29T00:00:00Z,0.03350555248732241,1.6801104554723887,0.7447227810761597,2.749502675776075,-3.2689159499504328,-3.3897435897435897,6
2020-04-30T00:00:00Z,0.3524012309475203,2.2726902819907027,1.9140885827848262,4.694065328348831,-4.16984495552607,-4.188023088023088,8
2020-05-01T00:00:00Z,0.14900719781286265,1.2287738941631186,0.8054546019161707,2.6577482847221003,-1.076078431372549,-1.9722222222222223,5
2020-05-02T00:00:00Z,0.29337144179121005,0.7660321598608276,0.5705081254768892,1.3656276000411636,-0.9009552538964304,-2.2,4
2020-05-04T00:00:00Z,-0.17759030426945582,-0.04338462406852327,-0.03834053994101386,0.5510355761458655,-0.47222222222222227,0,3
2020-05-05T00:00:00Z,0.35763149852708914,1.5601074298604654,1.74804303793686,3.49883710732486,0.4760233918128654,1.5698412698412698,7
2020-05-06T00:00:00Z,0.41735209813062885,1.7025961793665856,1.6398471210986254,3.9370617487870763,-2.62034632034632,-2.673737373737374,7
2020-05-07T00:00:00Z,0.34393493070311926,1.5120212634896226,1.6690842554609882,2.4006647416170406,-1.521819700767069,-2.5,7
2020-05-08T00:00:00Z,0.11690859326250629,1.0708171070721262,1.1400275777002296,2.426276510078352,-1.709398272865765,-3.433333333333333,6
2020-05-09T00:00:00Z,0.04757361378104881,0.7167849109390602,0.5197477463141208,1.4299321081921248,-1.0882352941176472,-2.1666666666666665,4
2020-05-11T00:00:00Z,-0.1714161064954602,0.3033603249772291,0.010143464492734122,0.4777883003854337,-1.5833333333333333,-0.3333333333333333,3
2020-05-12T00:00:00Z,-0.1946643968019974,1.3678357260927727,0.4116476215392043,2.1807182242483787,-2.50971250971251,-3.9525737420474263,6
2020-05-13T00:00:00Z,0.020450451325862533,1.415015803694563,1.0542638691402104,2.9905030507854944,-1.8692929292929295,-2.533333333333333,6
2020-05-14T00:00:00Z,-0.23128030302280195,1.1093948056999345,0.8393142257681111,2.4848967916396822,-0.5306122448979592,-0.6953227931488801,6
2020-05-15T00:00:00Z,0.13156820811227007,1.6209400039251873,1.0005500781424874,2.8589419986527274,-1.549669628616997,-3.712121212121212,6
2020-05-16T00:00:00Z,-0.1857736810707571,0.1207060807961862,-0.33261860209373,0.30900412010729317,-1.5,-2,2
2020-05-18T00:00:00Z,-0.165551414565897,0.015694976584700926,-0.09886168880148377,0.39783567496536204,-1.106060606060606,1,2
2020-05-19T00:00:00Z,-0.1522289973892142,1.0862319540622343,0.5655049166788105,2.3527508521246436,-0.5472305472305473,-0.696969696969697,8
2020-05-20T00:00:00Z,0.48266534301491837,1.3986219849309032,1.752780141095743,2.776675492344886,-0.5121212121212121,-1.288888888888889,7
2020-05-21T00:00:00Z,-0.19848085202817395,1.3532500842039186,0.7403246717034441,2.320663726111188,-1.3650793650793651,-2.6666666666666665,6
2020-05-22T00:00:00Z,0.12690969965438798,1.1805999267892533,0.8941889083116539,1.913406208457544,-0.6367842683632157,-2.076923076923077,5
2020-05-23T00:00:00Z,-0.09433975205221849,0.6548241695098415,0.46299319458997173,1.0883568162592354,0.4285714285714286,-0.3333333333333333,3
2020-05-25T00:00:00Z,0.12519848772783726,0.4028047707824004,0.5233206170922576,0.8234854449425102,0,0.33333333333333337,2
2020-05-26T00:00:00Z,0.1276100936645003,1.3773431639738023,1.5468602830387586,2.999111278869186,1.7226587138351845,2.295238095238095,8
2020-05-27T00:00:00Z,-0.22558316475133688,1.3889575869940791,1.069864777677146,2.220099655344467,-2.6102453102453103,-0.6071428571428571,7
2020-05-28T00:00:00Z,-0.6089312642668995,1.895280339103815,0.8020860681499112,3.6210070771633585,-2.3949836712994608,-2.0346320346320343,9
2020-05-29T00:00:00Z,0.6436296296257719,1.5773936019220933,2.416359415109021,3.691247872333631,1.1145135566188198,1.5904761904761906,9
2020-05-30T00:00:00Z,-0.03475204805865713,0.6017151124163042,0.5586286646136465,1.3100162004694504,-1.1789473684210527,-0.6,3
2020-06-01T00:00:00Z,-0.05819394029668505,0.4842819366356211,0.3238223946550878,1.2017088826542495,-0.4082362082362082,-0.45,4
2020-06-02T00:00:00Z,0.012743539805525075,2.005855030286202,1.4995323205888718,3.3134417243708034,0.32582417582417583,0.8678362573099416,9
2020-06-03T00:00:00Z,-0.08896100781592389,1.3824043496334921,0.8344326518882047,3.4827899734521943,-1.0942741469057258,-4.621212121212121,7
2020-06-04T00:00:00Z,-0.12599101173238839,1.4129067612263817,1.382962691393248,2.6871533271172066,-0.9979797979797979,-3.0833333333333335,7
2020-06-05T00:00:00Z,-0.047608352647638116,1.2761817807911089,1.14418843890751,2.7847788554567328,-0.5966631345981145,-1.6714285714285715,6
2020-06-06T00:00:00Z,0.07766493613874517,0.7622586296259763,0.47592502113955104,1.9275584976997395,1.1282051282051282,1,3
2020-06-08T00:00:00Z,0.044917801080822856,0.5889677648186391,0.6626850553849402,1.4750386478175532,-0.023809523809523836,-0.12820512820512825,3
2020-06-09T00:00:00Z,0.10503206012373013,1.4155927493869924,0.7525420639146645,3.260684568088506,-0.6132756132756132,1.466955266955267,6
2020-06-10T00:00:00Z,0.5945376005385953,1.7833328111429299,2.9530715174874516,4.978234314099239,1.4560313249968422,0.20606060606060606,11
2020-06-11T00:00:00Z,-0.20282125451930832,1.2547999276696302,1.0377940638284422,3.071856905886925,-1.6255694597799861,-1,8
2020-06-12T00:00:00Z,-0.1410421008088756,1.1250690704926372,1.010231306839337,2.7802050300873478,-0.2971014492753623,-0.5238095238095237,8
2020-06-13T00:00:00Z,0.06971943676759593,0.6414033155536859,0.34549423453848394,0.7439004197041974,-1.2333333333333334,-1,2
2020-06-15T00:00:00Z,0.3078436466761958,0.7084643728523503,1.1507292307416925,1.4526745741814817,0.37362637362637363,2,3
2020-06-16T00:00:00Z,0.34959649404786525,1.5696001612128958,1.3931261365067868,3.5915216948125233,-0.009711779448621505,0.8898225957049486,7
2020-06-17T00:00:00Z,0.13040071660692173,1.1612497912651158,0.7599786575350924,2.710249938742896,0.13074932314062748,0.4138528138528139,6
2020-06-18T00:00:00Z,0.4313086937913601,2.214335880825037,2.7419670288820277,4.544232402760944,-0.24831891982921736,-0.5857142857142856,8
2020-06-19T00:00:00Z,0.17710426665407486,1.444913470688077,1.3246675386632154,3.164076318333932,-1.386385544280281,-2.6545454545454543,7
2020-06-20T00:00:00Z,-0.11083351536327248,1.492933295662365,0.7181915322824031,1.326981586061236,0.06666666666666671,-1.5,4
2020-06-22T00:00:00Z,0.12227131964451482,0.7343599408166902,1.3123028653852502,1.7559722831546445,0.023529411764705938,-1.8,5
2020-06-23T00:00:00Z,0.44568937296778854,1.8565303549983054,1.8810895545806474,4.213403732549498,1.1921344356126964,0.4128446115288221,8
2020-06-24T00:00:00Z,-0.27293085783908355,1.6503355111947753,1.2805694228202114,3.3800622087805254,-0.7644688644688644,-2.1166666666666667,8
2020-06-25T00:00:00Z,0.454421379336249,1.3297924720273293,1.317276914554419,2.1610409521640004,-0.16016350798959492,0.7727272727272727,7
2020-06-26T00:00:00Z,-0.2065870214765397,0.12332207409921944,-0.3354756535210836,1.6359118447467658,-2.5641025641025643,-3,6
2020-06-27T00:00:00Z,-0.016016425828261134,0.4345986389393909,0.34669568608902707,1.0842191471379121,-1.0333333333333334,-2,2
2020-06-29T00:00:00Z,-0.027185895144056275,0.6957875739466802,1.0397461872675895,1.2858585612513158,-0.3015873015873016,-0.5714285714285714,3
2020-06-30T00:00:00Z,0.11020019637230351,0.9506336019559762,0.8150713060925762,1.927373099183569,0.18823529411764706,-0.39444444444444443,4
2020-07-01T00:00:00Z,0.37807696468859436,1.177003689973301,1.2239809039188985,2.7752304652439608,0.10190176405010165,-0.23333333333333334,6
2020-07-02T00:00:00Z,0.17664028969584794,1.5694299949378387,1.27896060800277,3.206407831794685,-0.5065934065934067,-0.8904761904761904,7
2020-07-03T00:00:00Z,0.00095469536320219595,0.6914279772375119,0.5260868184331544,1.4184822204274452,-2.037878787878788,-1.2,3
2020-07-04T00:00:00Z,-0.02478625328888561,0.7077683132879398,0.18308597164181908,0.5750161904049107,-1,0.5,3
2020-07-06T00:00:00Z,-0.31311713027199906,0.11783110532294107,-0.09462357404476632,0.5597440063589703,-1.8181818181818183,-1.4,3
2020-07-07T00:00:00Z,0.26852688648324685,1.6707491371524765,1.8092251825520564,3.099746118510508,1.4424005945745075,0.5333333333333333,7
2020-07-08T00:00:00Z,-0.03247396145988142,1.598538270990904,1.3946266650412142,3.503253399761272,0.12380952380952386,0.09523809523809523,7
2020-07-09T00:00:00Z,-0.4771987649533993,1.2451388622328183,0.7057057300930959,1.9088531357342673,0.5108225108225108,-0.4,7
2020-07-10T00:00:00Z,0.14092360231287415,1.5954084285390393,1.8299064258076765,3.8043798165450533,-0.12612958226768972,0.6,7
2020-07-11T00:00:00Z,-0.24113429860542146,0.2937281591027884,-0.06969601050005449,0.9010390025872292,-1.1428571428571428,-2.1384615384615384,3
2020-07-13T00:00:00Z,-0.047186084436651544,0.7093967826390127,0.6055545525473914,1.763809767241223,-0.5443438914027149,-1.3047619047619048,4
2020-07-14T00:00:00Z,0.21808845220664014,1.42709231043304,1.4530811318455477,3.255230225410342,0.36813725490196075,1.6929971988795518,7
2020-07-15T00:00:00Z,-0.343512172951721,0.6542133100463082,0.017819623082793765,1.8683497716659123,-1.9930374957000345,-1.1923076923076923,6
2020-07-16T00:00:00Z,0.4977073233105803,1.611524189044507,1.8016898355499587,2.732344499255001,1.0116487455197132,-4.166666666666667,8
2020-07-17T00:00:00Z,0.20228084614713035,1.9796518234144915,1.7600710225632437,3.9024532486663515,-0.24277944277944274,-0.9714646464646465,8
2020-07-18T00:00:00Z,0.1588178789331171,0.49910821482100026,0.6686475827994627,0.8280038687386724,1.0545454545454545,0.3333333333333333,2
2020-07-20T00:00:00Z,-0.27883394516608334,0.2697976075353966,-0.10591344029642161,0.5657129739941683,0,1.2,2
2020-07-21T00:00:00Z,0.20939480165374053,1.2771994853809883,0.9377795201248048,2.6081852192479733,-0.37763347763347765,-0.5,6
2020-07-22T00:00:00Z,0.40362759289490974,1.668415931790443,1.3975591728792622,3.5234713213251703,-1.0459064327485381,-1.2023809523809523,9
2020-07-23T00:00:00Z,0.5120546386677429,1.1762207746418898,1.5680323260314184,2.4703552670869695,-0.6626456876456877,-1.880952380952381,6
2020-07-24T00:00:00Z,0.4818224291103339,1.4782040312354312,1.5724535829842778,3.149732093923813,-0.7545941315056759,-2.7408963585434174,7
2020-07-25T00:00:00Z,-0.03225624734055397,0.779681858921784,0.5198918564094934,1.5205233291938964,0.7222222222222223,1.4545454545454546,3
2020-07-27T00:00:00Z,-0.325018318974394,0.14914420311241583,-0.2656362554737312,0.7445271792691289,-0.31746031746031744,-1.1666666666666665,3
2020-07-28T00:00:00Z,0.1101817655260218,1.4660645659008569,1.1246200149159247,2.153350775260843,-0.35662393162393163,-1.1428571428571428,7
2020-07-29T00:00:00Z,0.5460285395489498,1.4394439984246317,1.498183512181124,3.016972792386197,-0.9725829725829725,-0.5642857142857143,6
2020-07-30T00:00:00Z,0.3024085528284715,2.3561845191081017,1.6346231956837023,3.0516041111317898,0.7347826086956522,0.736842105263158,6
2020-07-31T00:00:00Z,0.021367561723961877,1.19301871579858,0.8287351675263933,2.3516686442060277,2.299916457811195,2.3595238095238096,6
2020-08-01T00:00:00Z,0.004266053720417849,0.442956474300338,0.5879369518466713,0.993241351488311,-0.5476190476190477,-0.14285714285714285,2
2020-08-03T00:00:00Z,0.2536288812489687,0.44607476485123454,0.9920672592200886,1.1002144069946556,0.774891774891775,-0.2,3
2020-08-04T00:00:00Z,0.44974774782780086,0.9967313773056433,1.0625434481911067,1.9781346094548036,0.771969696969697,-0.56,6
2020-08-05T00:00:00Z,0.28973591478517347,1.3287869035101985,1.2224009347633447,3.021905861663382,0.20946275946275955,0.9666666666666666,7
2020-08-06T00:00:00Z,0.17667027441895772,0.9677949667122099,0.9416194510081484,1.3930496013609093,-1.5226190476190475,-0.5,4
2020-08-07T00:00:00Z,0.3849439093264977,1.2622475526574033,1.2897496308971002,2.681609458861878,0.8924876293297346,-0.7968253968253969,5
2020-08-08T00:00:00Z,-0.030356144130547512,0.5327482789811935,0.2694868943977321,1.018889338178715,-1.0625,-1.6363636363636362,2
2020-08-10T00:00:00Z,-0.43137616464078127,0.22701290561706952,-0.0755281771230881,0.4796919362294471,-0.8516746411483254,-1,2
2020-08-11T00:00:00Z,0.45573812741222114,1.4011794159487447,1.19298210074303,2.8996319120050567,-0.9697929976999744,-0.9047619047619048,6
2020-08-12T00:00:00Z,0.034584408170255,1.0706927922669247,0.6015112673206454,2.2587613437686334,-0.1723155929038282,-1.0476190476190477,7
2020-08-13T00:00:00Z,0.00936649570214819,1.4313419319818703,1.3086590318460336,2.5710789690193856,-0.8974572395091238,-1.8666666666666667,6
2020-08-14T00:00:00Z,-0.1953910488106692,0.6261350805847213,0.42447646503965003,2.254469666124229,-1.3868686868686868,-1.9928571428571429,6
2020-08-15T00:00:00Z,0.058751111530902705,0.2174525107740789,0.28059327478828855,0.6083795747675671,0.5172413793103449,0.6666666666666666,1
2020-08-17T00:00:00Z,0.07928901036320843,0.4111970773038022,0.18509898031156724,1.296216850119538,0.34523809523809523,1,4
2020-08-18T00:00:00Z,-0.0626640074008091,0.532902575878249,0.2768664940773861,0.9768280338109349,-1.0995670995670996,-0.5,4
2020-08-19T00:00:00Z,0.13566651324168075,1.0134185420027755,0.5812881584774316,3.0181989785368053,-0.11337326692690806,0.2,6
2020-08-20T00:00:00Z,0.5298811950486293,0.8778358915608679,1.8609535398644659,2.8138859252691635,0.7786866359447006,2.6363636363636362,7
2020-08-21T00:00:00Z,0.2527880541234789,1.2559892352753437,1.2997968733284484,3.0429298476744093,0.8344771170858127,0.4,8
2020-08-22T00:00:00Z,0.32226414178152263,0.5563390416714409,0.3186394496698808,1.2160307809607684,0.7089947089947091,0.9230769230769231,2
2020-08-24T00:00:00Z,0.10568290712065072,0.05954909797536995,0.40788384614998807,0.5613079770260445,0.21428571428571425,2.6,3
2020-08-25T00:00:00Z,0.07275398672123241,0.6541725885861128,0.45640374785520293,1.3072542787028933,0.14285714285714285,-0.8055555555555556,6
2020-08-26T00:00:00Z,0.556716492105458,2.1339225073180486,1.5106782669041543,3.7123772934846704,0.04744305402200136,-0.7444444444444445,7
2020-08-27T00:00:00Z,-0.10562845060750796,1.5780806180840774,0.24636099080500315,2.3299630280436285,2.7593406593406593,-1.4,8
2020-08-28T00:00:00Z,0.28690965837730775,1.2804700202432786,0.9852225132452102,1.4681885948404698,-0.17591890867752935,-0.14285714285714285,5
2020-08-29T00:00:00Z,0.13925001374415394,0.17816971071979762,0.541421277939719,1.000624221511159,-0.43398692810457506,1.1666666666666667,5
2020-08-31T00:00:00Z,0.09254487250393428,0.5610605432850267,0.22898928458873885,1.0793478783415213,0.285427807486631,-0.10303030303030303,3
2020-09-01T00:00:00Z,-0.02729302860095526,0.703338546653362,0.3512928196071834,2.48511803536796,-0.17272727272727273,-1.7435897435897436,7
2020-09-02T00:00:00Z,0.3764367330594772,1.59237614814411,0.7539825416281861,3.771098556645737,0.27830478700043926,-0.2159090909090909,8
2020-09-03T00:00:00Z,0.22943978117804395,1.4044867542290838,1.7069602485627677,2.8035764495292,-1.1536019536019535,-1.8181818181818183,6
2020-09-04T00:00:00Z,0.40456805321969797,1.2899432550460865,1.0965420645429167,2.8447663937427636,0.7738095238095238,3.5666666666666664,9
2020-09-05T00:00:00Z,0.19774392504034427,0.4241848177366655,0.8629631903006578,1.003401463053426,0.736842105263158,-0.3333333333333333,2
2020-09-07T00:00:00Z,-0.6170775507205926,0.5447082284760775,-0.031170904278819425,0.8414767812241775,0.48571428571428565,0.5,3
2020-09-08T00:00:00Z,0.030238625642336057,1.3995603997128965,0.63660029976994,2.8777951772647983,0.1008852258852258,1.7575757575757576,9
2020-09-09T00:00:00Z,0.2062596194431256,1.1526509192152787,1.3135814944467925,2.050827456875001,-0.33707664884135474,0.7619047619047619,6
2020-09-10T00:00:00Z,0.2118673071423687,1.3693518087399648,1.201123895183092,2.95704685803921,0.07087912087912085,0.2238095238095238,7
2020-09-11T00:00:00Z,-0.04655931862164465,1.1085997574058517,0.946308211744519,2.959071705734009,2.4825396825396826,-0.17460317460317462,10
2020-09-12T00:00:00Z,0.17502396702124673,0.10094273290024441,0.5107381012932077,0.6835110687016362,1.2727272727272727,1,2
2020-09-14T00:00:00Z,0.20659017074108857,0.6258294241706807,0.7706582771432424,1.4594782305228995,0.19428571428571428,0.6714285714285715,3
2020-09-15T00:00:00Z,-0.1505053608022945,1.1457772211142272,0.5920401913422374,2.404665806036002,-2.110888853148915,-4.375,6
2020-09-16T00:00:00Z,0.45971701777729773,1.5147382249619037,1.038578888181796,3.7857362940761012,0.8558733790999238,-0.6499999999999999,7
2020-09-17T00:00:00Z,0.2882045248867029,1.085491195217828,1.4012649909641168,2.600572067711573,0.7225204902624257,-1.5011655011655012,7
2020-09-18T00:00:00Z,-0.1529965148289044,0.8764711581349776,0.7526004845804818,1.4993772679582542,1.7655677655677655,1,4
2020-09-19T00:00:00Z,0.06775811872965075,0.13279947081246837,0.43279367228039595,0.3252020376260837,0.42857142857142855,1,1
2020-09-20T00:00:00Z,0.002227887059865581,0.2447571861889245,0.06555725588689437,0.29972842698914476,0.75,0,1
2020-09-21T00:00:00Z,-0.06744354255733132,0.28896173388393004,0.14764687779709224,0.6466006916205436,-0.6,1,2
2020-09-22T00:00:00Z,0.18912680425670203,1.4427205781756078,1.4323803626869345,2.6319549872494186,0.810694534223946,1.0707070707070707,6
2020-09-23T00:00:00Z,0.23006950649513835,1.3196414994361394,1.0100945837427064,2.696542484715677,-1.6441847626058153,-0.8476190476190476,5
2020-09-24T00:00:00Z,-0.014650488904728002,1.3247061004668323,0.9715070845925089,2.67638293883427,1.3275058275058274,1.0897435897435899,6
2020-09-25T00:00:00Z,-0.46841347555462715,1.6479659503093553,1.43573252742558,4.501325709379038,0.408519536019536,0.1111111111111111,14
2020-09-26T00:00:00Z,0.02666275750419014,0.15764723440281592,0.24494389411746323,0.6274169714411315,1.1785714285714286,1.5,2
2020-09-28T00:00:00Z,-0.29991331720667097,0.3987837676365928,0.4141228707590541,1.1923364357022772,0.15966386554621853,-1.0454545454545454,3
2020-09-29T00:00:00Z,-0.09120528408450379,0.9881916947090144,0.5805254081519444,2.7508390494639756,2.312962962962963,4.666666666666667,9
2020-09-30T00:00:00Z,0.47648397555094146,2.249484288557765,2.3155078625873147,5.071521261570445,0.6821927531309682,4.043478260869565,11
2020-10-01T00:00:00Z,0.4608147086681244,1.828737873459389,2.2534503684474387,3.4446703138687034,0.7886169386169385,0.2777777777777778,8
2020-10-02T00:00:00Z,0.3748762615917961,1.6353494800277886,1.6276352431680916,2.666283227973846,1.2515406162464986,-0.21212121212121215,6
2020-10-03T00:00:00Z,-0.022891387019031404,0.4158141297565988,-0.12393422828486761,1.2264497817187099,-0.3774509803921569,-1.5357142857142856,3
2020-10-05T00:00:00Z,-0.02435870487184201,0.6141688386098274,0.5315413473070584,0.9718705580224982,0.03030303030303033,0,3
2020-10-06T00:00:00Z,0.4396369865727083,0.9314961555049761,1.3416918547573455,1.971285980844617,0.3264411027568922,0.5,5
2020-10-07T00:00:00Z,0.25854903430440745,1.6227465585445362,1.5569250090661209,3.141613783793143,1.1332756132756132,1.0831168831168831,8
2020-10-08T00:00:00Z,-0.05668279394171326,1.376943255995091,1.2828493582777265,3.219347502279583,-0.24427864279122857,2.29978354978355,10
2020-10-09T00:00:00Z,-0.02347503910022374,0.865393524509143,0.6154207339840256,2.0221490420542807,-2.0615942028985508,-2.5555555555555554,5
2020-10-10T00:00:00Z,-0.15336979301887196,0.7388640086529713,0.2605731974151991,1.1554799192660956,-0.7527472527472527,-2,3
2020-10-12T00:00:00Z,0.1581846602477316,0.39498593632427054,0.5871832195356728,0.8442506483630153,0.14358974358974358,0.09090909090909091,2
2020-10-13T00:00:00Z,0.27139105308758693,1.4512947624381134,1.624538413059264,3.1994148731244674,-1.3118276975862115,-2.8585858585858586,7
2020-10-14T00:00:00Z,0.14379643666378902,1.2275956871633023,1.1342488794242511,2.7828151127585667,-0.37215191937830616,1.6666666666666667,6
2020-10-15T00:00:00Z,0.14119384152876302,1.0503909265448508,1.060454631632704,2.65056078289371,-0.6149705367096672,0.25854700854700857,6
2020-10-16T00:00:00Z,-0.2966446265629118,1.2585809839123885,0.9715748202888667,2.613453275082391,-1.0150451887293992,1.4230769230769231,6
2020-10-17T00:00:00Z,0.0718088147963922,0.7005270922769243,0.8164052178206406,1.0594092800779076,-0.7713741366992141,-1.3333333333333333,3
2020-10-19T00:00:00Z,-0.22102486505958452,0.029081247782997734,-0.26980256645120293,0.04792764734939994,-0.8333333333333333,0,2
2020-10-20T00:00:00Z,0.28357430799205774,1.3798782705755606,1.4376201007450806,2.701295484292338,-0.1826007326007326,0.8,6
2020-10-21T00:00:00Z,0.29175799403114744,1.3169790364048348,1.1587150930942238,3.11210241540196,-0.4929653679653679,-0.39285714285714285,6
2020-10-22T00:00:00Z,0.8202519406568478,1.9550769711316058,2.2847421621178845,3.466284914250555,1.8155128205128204,1.8285714285714285,7
2020-10-23T00:00:00Z,-0.6905546900179339,0.4058680258627474,-0.3297203112377195,2.3660937390381678,-0.9079516974253816,-1.4923076923076923,6
2020-10-24T00:00:00Z,-0.16527304646844046,0.5234075133266369,0.6893031446028008,1.4954400873345655,0.35584415584415585,0.5873015873015872,3
2020-10-26T00:00:00Z,-0.0029874519021663992,-0.10609600467182076,-0.10940040018820746,0.2074646486198422,0,-0.3333333333333333,2
2020-10-27T00:00:00Z,0.1708831697812426,1.0229623012891818,1.2074208581945314,2.7950606112600243,1.2744107744107744,1.352869352869353,5
2020-10-28T00:00:00Z,0.7198853632645591,1.3307104429542227,1.371375216883972,3.0851021364899283,-0.10579347123464766,-0.3952380952380953,7
2020-10-29T00:00:00Z,0.1654192176170225,0.8459287077984953,0.9175137484123483,2.478125095899661,-0.5273571629608782,-1.0598290598290598,6
2020-10-30T00:00:00Z,0.021696419989171718,1.280847536157242,1.4509329292084525,2.683243064886519,0.49104816751875574,-2.295238095238095,8
2020-10-31T00:00:00Z,0.04950943795919255,0.7219344587200376,0.5830450211046513,1.6220327175169287,-0.9554655870445343,-1.7,3
2020-11-02T00:00:00Z,-0.09789187748529488,0.3591834647728266,0.14372691256375414,0.8992918088618915,-0.38095238095238093,-0.23376623376623376,2
2020-11-03T00:00:00Z,0.0490222480557847,1.1088424543512698,0.8010578799184032,2.4179461863954046,-1.6475712693103997,-1.8888888888888888,5
2020-11-04T00:00:00Z,0.3892765681826929,1.6881492102127795,0.9022383827810745,3.6791452493158228,1.9358244095086201,2.3377777777777777,7
2020-11-05T00:00:00Z,0.29234324783018417,2.342011392054009,1.3559304397678489,2.692713843401786,2.724775224775225,2,6
2020-11-06T00:00:00Z,0.1845527666349849,0.9530258126379897,0.6264472659858868,1.4447411330234048,-0.4727272727272727,0.16666666666666669,4
2020-11-07T00:00:00Z,0.2741418365277404,0.547897450128497,0.7661185391407774,0.842195732952898,-0.5897435897435896,-0.8,3
2020-11-09T00:00:00Z,-0.026686015010599792,0.24726469026590392,0.5213716722640678,0.9825023562375788,0.6428571428571428,1.2,2
2020-11-10T00:00:00Z,0.2475010472467982,0.878665696290509,0.9466697030071997,2.359786443241544,1.145658263305322,0.1333333333333333,5
2020-11-11T00:00:00Z,0.5043539849621187,1.065357967320947,1.3386244682407253,2.5837644425585817,0.3222222222222222,-1.0909090909090908,5
2020-11-12T00:00:00Z,-0.11900633609156654,1.469967121832014,0.7522306224474629,2.7122476513977296,-0.5584944467297408,-0.9285714285714286,6
2020-11-13T00:00:00Z,-0.1446696480597259,0.4485738722786413,0.6131898648827128,1.1297739071413864,0.9632034632034632,-0.5238095238095237,6
2020-11-14T00:00:00Z,-0.04662140549697297,0.5902138996887705,0.47243826574691944,1.4934481417095717,-0.0692307692307692,-0.8909090909090909,3
2020-11-16T00:00:00Z,-0.055774844626717085,0.039507703092347086,-0.26601989022279504,0.005779562622612963,0.1333333333333333,0,2
2020-11-17T00:00:00Z,0.11777598608743935,2.560970594466062,1.6929777974863554,3.595292573846404,1.4714529914529915,-0.33040935672514615,7
2020-11-18T00:00:00Z,0.06352864022785805,1.7820445616464295,0.7757702166535878,2.3039675817038234,1.5240896358543417,1.3212121212121213,5
2020-11-19T00:00:00Z,0.19231438579677593,2.003897615310593,1.1710095455187073,3.3606098993273803,0.8323657628920786,0.3435897435897436,8
2020-11-20T00:00:00Z,0.5440689688344693,0.9579675306569151,1.42647097988764,2.024948752462483,-0.13712023270846802,0.14285714285714285,6
2020-11-21T00:00:00Z,-0.04644099849377568,0.2201067853447708,0.22084411686685856,0.3531274152125087,-0.5294117647058824,-0.8181818181818182,1
2020-11-23T00:00:00Z,0.2422837906567846,0.6005789343070895,0.8138708469404319,1.7673466809026896,0.6373626373626373,-1.5384615384615383,6
2020-11-24T00:00:00Z,0.281773435692911,1.4035502702658689,2.1535805538524455,3.4662681011268717,1.333100233100233,-0.888888888888889,9
2020-11-25T00:00:00Z,-0.017463217003360294,0.8717074735988649,0.38616015630465805,2.654711141660461,0.9955806182121972,-0.39285714285714285,9
2020-11-26T00:00:00Z,-0.28745426133952817,1.1862493409306916,0.935950601033035,2.1533412729403523,-0.8431354799775851,-2.533333333333333,9
2020-11-27T00:00:00Z,0.08121429674611752,0.45116297817972945,0.84246721354268,1.779468810778837,-1.0054621848739496,-2.142857142857143,5
2020-11-28T00:00:00Z,0.08140570934207787,0.25120168809510934,0.6327635736036155,1.007117094906112,0.05555555555555558,-1.6666666666666665,3
2020-11-30T00:00:00Z,-0.25855301543152553,0.11248690638147185,0.085655560968079,1.538536015785201,-1.6831338596044478,0.5227272727272727,5
2020-12-01T00:00:00Z,0.34292755957307536,1.0239781433982185,1.3460456467309616,2.0276175578686946,0.9253246753246753,1.5,6
2020-12-02T00:00:00Z,0.13907172446650826,0.934405453125819,0.11783701286424564,2.37850471902523,-0.5283516483516484,-1.718840579710145,6
2020-12-03T00:00:00Z,0.15361396603028896,0.6797235879363915,0.546118829592994,2.6032355869595647,-2.155816993464052,-3.4404040404040406,7
2020-12-04T00:00:00Z,0.3930369652828359,0.901761197999647,0.9965514748709328,1.9769248304719704,0.32121212121212117,0.19444444444444442,5
2020-12-05T00:00:00Z,-0.016220183602613347,0.3175672024845775,0.40073604713509325,0.523170391742605,0.09090909090909091,0,1
2020-12-07T00:00:00Z,0.06253091238399792,0.038980260381644705,0.17944979749628845,0.29335085185137477,-0.40476190476190477,1,2
2020-12-08T00:00:00Z,0.31565348774250795,1.1636322468810874,1.0941059791219978,2.6107358037447197,0.8573426573426574,1.5,6
2020-12-09T00:00:00Z,0.4117588611083339,1.1823994708462278,0.8518010092330254,2.9291557113969158,0.7666040100250626,1.7575757575757576,6
2020-12-10T00:00:00Z,0.5327447910462607,0.937663686465123,0.9583587130014496,2.625138461635879,-1.8186944634313056,-2.933333333333333,8
2020-12-11T00:00:00Z,0.14786445280369154,0.5604752754975895,0.8437315010917414,1.0841482516726606,-0.8611111111111112,-0.6,4
2020-12-12T00:00:00Z,0.07839146318583409,0.9573061840354525,0.8823027161205781,1.9354407114560062,2.7252525252525253,2.1555555555555554,5
2020-12-14T00:00:00Z,0.051991880810829665,0.3262747512225307,0.49923091104864825,0.8651929536723677,0.03030303030303033,0.6666666666666667,3
2020-12-15T00:00:00Z,0.44552481155054613,1.5904594725852952,1.8924971393901493,3.7458608253187333,1.1953601953601953,1.2727272727272727,7
2020-12-16T00:00:00Z,0.430435705992452,0.7959423746491675,1.037726350115115,1.6583874666805634,2.1654589371980677,-0.8727272727272727,5
2020-12-17T00:00:00Z,0.5431310221652742,1.8303194070658828,2.175340975940138,3.4355884272658717,0.7806235537693338,-2.2222222222222223,7
2020-12-18T00:00:00Z,0.40080608378275095,1.2423552659485875,1.483476420908214,2.061416351749316,2.4,1.2,6
2020-12-19T00:00:00Z,0.0887871977061562,0.22936590449331823,0.33194725732724,0.7306013312928705,0.873015873015873,0,2
2020-12-21T00:00:00Z,0.08555087720827662,0.4213894582214015,0.4869917822325214,0.9380495304323795,0.6,0.11428571428571432,2
2020-12-22T00:00:00Z,0.12680340954476024,1.9116072897342398,1.4463802973150979,2.7244272519701873,0.8837324955746009,-0.9615384615384616,8
2020-12-23T00:00:00Z,-0.07065711674739895,0.36068112859040724,-0.08536050105002904,1.1057610050575701,-1.098343685300207,-2.6346153846153846,4
2020-12-24T00:00:00Z,0.17587033187019419,0.9639786309612828,0.5005117459724173,1.5598581104300995,-0.22745098039215683,-1.1904761904761905,4
2020-12-28T00:00:00Z,0.10161176507730293,0.6465600683065552,0.26679811627814787,1.0225306967315535,-0.2980769230769231,-1.3142857142857143,2
2020-12-29T00:00:00Z,0.05169209842647875,0.26416326430707077,0.645383903818971,1.2227298511159737,0.0808446455505279,-0.4444444444444445,4
2020-12-30T00:00:00Z,0.012491102246688701,0.3949990792809543,-0.3389002908518586,0.7548954230293653,-0.3666666666666667,0,3
2020-12-31T00:00:00Z,0.29271701468109373,0.8317738509948585,0.9190768167605553,1.7528567460806435,1.656862745098039,-0.8235294117647058,4
2021-01-01T00:00:00Z,-0.15038137186555617,-0.16339989736305977,-0.1605432765674369,0.16630666038276293,-0.5714285714285714,-1,1
2021-01-04T00:00:00Z,-0.10119406530615822,0.0516300773722862,-0.28055871569932384,0.644190669822713,-1.2666666666666666,-0.09999999999999998,3
2021-01-05T00:00:00Z,0.30487157660694547,1.1184535139257026,0.43021221897669254,2.589034509919382,1.2199510634293242,2.0184552289815447,8
2021-01-06T00:00:00Z,-0.5395653498672771,1.1322457258048892,0.0015605168356989767,1.997963900495662,1.0203535353535353,0.8528138528138528,5
2021-01-07T00:00:00Z,0.1818902345621106,0.3772971406007341,0.6769539209565111,0.6782590525360773,-1.5,-1,2
